1908,ADIDAS,ADIDAS Floral Dream Deodorant Spray  -  For Women,150 ml,209,https://rukminim1.flixcart.com/image/280/280/joen7gw0/deodorant/2/b/a/150-floral-dream-deodorant-spray-adidas-women-original-imafavgnua2pe9dj.jpeg?q=70
1908,ADIDAS,ADIDAS Pure Game Deodorant Spray  -  For Men,2x150 ml,380,https://rukminim1.flixcart.com/image/280/280/deodorant/k/j/x/deodorant-spray-adidas-300-pure-game-original-imaektpgf6frfh8k.jpeg?q=70
1908,ADIDAS,ADIDAS Male Ice Dive Deodorant Spray  -  For Men,150 ml,189,https://rukminim1.flixcart.com/image/280/280/jatym4w0/deodorant/w/t/f/150-male-ice-dive-deodorant-spray-adidas-men-original-imafybjzznhvqdyt.jpeg?q=70
1908,ADIDAS,ADIDAS Pure Game & Ice Dive Deodorant Spray  -  For Men,2x150 ml,370,https://rukminim1.flixcart.com/image/280/280/jar3qfk0/deodorant/y/s/3/192-pure-game-ice-dive-deodorant-spray-adidas-men-original-imafy9znrsmkp7jh.jpeg?q=70
1908,ADIDAS,ADIDAS Dynamic Pulse & Pure Game Deodorant Spray  -  For Men,2x150 ml,370,https://rukminim1.flixcart.com/image/280/280/jar3qfk0/deodorant/t/z/m/192-dynamic-pulse-pure-game-deodorant-spray-adidas-men-original-imafy9zy5vwdqf5b.jpeg?q=70
1908,ADIDAS,ADIDAS Dynamic Pulse EDT Eau de Toilette  -  100 ml,100 ml,719,https://rukminim1.flixcart.com/image/280/280/jerf7gw0/perfume/s/b/s/100-edt-dynamic-pulse-eau-de-toilette-adidas-men-original-imaf3dgxrrqjshaz.jpeg?q=70
1908,ADIDAS,ADIDAS Male Dynamic Pulse Deodorant Spray  -  For Men,150 ml,189,https://rukminim1.flixcart.com/image/280/280/jabdw280/deodorant/r/a/v/150-male-dynamic-pulse-deodorant-spray-adidas-men-original-imaezx3zq6zykyu6.jpeg?q=70
1908,ADIDAS,ADIDAS Ice Dive EDT Eau de Toilette  -  100 ml,100 ml,719,https://rukminim1.flixcart.com/image/280/280/jmwch3k0/perfume/u/f/f/100-ice-dive-eau-de-cologne-adidas-men-original-imaf9pegkexv5yzy.jpeg?q=70
1908,ADIDAS,ADIDAS Dynamic Pulse & Ice Dive Deodorant Spray  -  For Men,2x150 ml,370,https://rukminim1.flixcart.com/image/280/280/jar3qfk0/deodorant/m/v/m/300-dynamic-pulse-ice-dive-deodorant-spray-adidas-men-original-imafy9ptrjjn28zg.jpeg?q=70
1908,AXE,AXE Signature Intense Perfume Body Spray  -  For Men,154 ml,234,https://rukminim1.flixcart.com/image/280/280/jqmnv680/deodorant/8/u/q/154-signature-intense-perfume-body-spray-axe-men-original-imafchukuyrgqs36.jpeg?q=70
1908,AXE,AXE Signature Dark Temptation Perfume Body Spray  -  For Men,154 ml,236,https://rukminim1.flixcart.com/image/280/280/jsj90280/deodorant/q/y/m/154-signature-dark-temptation-perfume-body-spray-axe-men-original-imafe3e75kkbzhz2.jpeg?q=70
1908,AXE,AXE Signature Intense Ticket Perfume  -  17 ml,17 ml,64,https://rukminim1.flixcart.com/image/280/280/jdj4k280/deodorant/t/z/h/17-signature-intense-ticket-perfume-body-spray-axe-men-original-imaf2f3fqhvhhqbt.jpeg?q=70
1908,AXE,AXE Provoke Deodorant Spray  -  For Men,150 ml,198,//img1a.flixcart.com/www/linchpin/fk-cp-zion/img/placeholder_9951d0.svg
1908,AXE,AXE Pulse Deodorant Spray  -  For Men,150 ml,198,https://rukminim1.flixcart.com/image/280/280/jl5h3m80/deodorant/w/n/j/150-pulse-deodorant-spray-axe-men-original-imaezphfsbmug4t6.jpeg?q=70
1908,AXE,AXE Signature Rouge Perfume Body Spray  -  For Men,154 ml,234,https://rukminim1.flixcart.com/image/280/280/jqmnv680/deodorant/b/d/n/154-signature-rouge-perfume-body-spray-axe-men-original-imafchukysdngmad.jpeg?q=70
1908,AXE,AXE Signature Corporate Perfume Body Spray  -  For Men,154 ml,234,https://rukminim1.flixcart.com/image/280/280/jqmnv680/deodorant/t/q/y/154-signature-corporate-perfume-body-spray-axe-men-original-imafchukt5aq3j9t.jpeg?q=70
1908,AXE,AXE Signature Champion Perfume Body Spray  -  For Men,154 ml,238,https://rukminim1.flixcart.com/image/280/280/jqmnv680/deodorant/n/p/t/154-signature-champion-perfume-body-spray-axe-men-original-imafchukvjnhch4v.jpeg?q=70
1908,AXE,AXE Signature Suave Perfume Body Spray  -  For Men,154 ml,238,https://rukminim1.flixcart.com/image/280/280/jqmnv680/deodorant/x/j/h/154-signature-suave-perfume-body-spray-axe-men-original-imafchukyzkfraxn.jpeg?q=70
1908,AXE,AXE Recharge Marine Splash Deodorant Spray  -  For Men,150 ml,227,https://rukminim1.flixcart.com/image/280/280/jppsqkw0/deodorant/f/g/y/150-recharge-marine-splash-deodorant-spray-axe-men-original-imafbvz8y95w4nah.jpeg?q=70
1908,AXE,AXE Gold Temptation Deodorant Spray  -  For Men,150 ml,198,https://rukminim1.flixcart.com/image/280/280/jesunbk0/deodorant/2/j/x/150-gold-temptation-deodorant-body-spray-axe-men-original-imaez6hsygtdhjqg.jpeg?q=70
1908,AXE,AXE Signature Maverick Perfume Body Spray  -  For Men,154 ml,238,https://rukminim1.flixcart.com/image/280/280/jqmnv680/deodorant/z/r/q/154-signature-maverick-perfume-body-spray-axe-men-original-imafchuknpfxtdum.jpeg?q=70
1908,AXE,AXE Signature Mysterious Perfume Body Spray  -  For Men,154 ml,234,https://rukminim1.flixcart.com/image/280/280/jqmnv680/deodorant/g/u/9/154-signature-mysterious-perfume-body-spray-axe-men-original-imafchukp57dfvga.jpeg?q=70
1908,AXE,AXE Signature Champion Ticket Perfume  -  17 ml,17 ml,64,https://rukminim1.flixcart.com/image/280/280/jdj4k280/deodorant/b/e/z/17-signature-champion-ticket-perfume-body-spray-axe-men-original-imaf2f32zr97qvqp.jpeg?q=70
1908,AXE,AXE Dummy465 Deodorant Spray  -  For Men,150 ml,198,https://rukminim1.flixcart.com/image/280/280/jkobte80/deodorant/h/c/a/150-recharge-24x7-deodorant-spray-axe-men-original-imaf7z35twhfyag7.jpeg?q=70
1908,Billion,Billion Musky Oriental Deodorant Spray  -  For Men,150 ml,124,https://rukminim1.flixcart.com/image/280/280/jmwch3k0/deodorant/z/x/7/150-musky-oriental-body-spray-billion-men-original-imaf9pj9pn7enjzz.jpeg?q=70
1908,Billion,Billion Classic Oriental Deodorant Spray  -  For Men,150 ml,124,https://rukminim1.flixcart.com/image/280/280/jmwch3k0/deodorant/2/k/f/150-classic-oriental-body-spray-billion-men-original-imaf9pj9wgbp2w4g.jpeg?q=70
1908,Cinthol,Cinthol Swirl Deodorant Stick  -  For Women,40 g,54,https://rukminim1.flixcart.com/image/280/280/juk4gi80/deodorant/h/f/n/40-swirl-deodorant-stick-cinthol-women-original-imaffnk4zp5gqgum.jpeg?q=70
1908,Cinthol,Cinthol Intense Deodorant Stick  -  For Men,40 g,54,https://rukminim1.flixcart.com/image/280/280/juk4gi80/deodorant/w/c/q/40-intense-deodorant-stick-cinthol-men-original-imaffnk5g4t7zcbz.jpeg?q=70
1908,Cinthol,Cinthol Energy Deodorant Stick  -  For Men,40 g,54,https://rukminim1.flixcart.com/image/280/280/juk4gi80/deodorant/r/f/f/40-energy-deodorant-stick-cinthol-men-original-imaffnk57g78fh7r.jpeg?q=70
1908,Cinthol,Cinthol Intense Deodorant Spray  -  For Men,150 ml,175,//img1a.flixcart.com/www/linchpin/fk-cp-zion/img/placeholder_9951d0.svg
1908,Cinthol,Cinthol Dive Deodorant Spray  -  For Men,150 ml,175,https://rukminim1.flixcart.com/image/280/280/juk4gi80/deodorant/x/w/b/150-dive-deodorant-spray-cinthol-men-original-imaffnk4b8h4p2sa.jpeg?q=70
1908,Fogg,Fogg Marco Deodorant Spray  -  For Men,150 ml,230,https://rukminim1.flixcart.com/image/280/280/deodorant/a/m/2/body-spray-fogg-150-marco-original-imaezgytxjr2n9zz.jpeg?q=70
1908,Fogg,Fogg Absolute Deodorant Spray  -  For Women,120 ml,200,https://rukminim1.flixcart.com/image/280/280/j3j1le80/deodorant/v/q/r/120-absolute-deo-for-women-deodorant-spray-fogg-women-original-imaeun5djamxrgy3.jpeg?q=70
1908,Fogg,Fogg EXTREME Perfume Body Spray  -  For Men,120 ml,200,https://rukminim1.flixcart.com/image/280/280/j3j1le80/deodorant/h/x/v/120-extreme-fragrance-body-spray-fogg-men-original-imaeun5dhxzgnbpa.jpeg?q=70
1908,Fogg,Fogg Paradise Deodorant Spray  -  For Women,150 ml,230,https://rukminim1.flixcart.com/image/280/280/deodorant/q/z/z/body-spray-fogg-150-paradise-original-imaezde9uhthqna8.jpeg?q=70
1908,Fogg,Fogg Essence 1000 Deodorant Spray  -  For Women,150 ml,230,https://rukminim1.flixcart.com/image/280/280/deodorant/v/g/7/body-spray-fogg-150-essence-1000-original-imaezckygj7wm89z.jpeg?q=70
1908,Fogg,Fogg Royal Body Spray  -  For Men,150 ml,230,https://rukminim1.flixcart.com/image/280/280/deodorant/t/j/g/body-spray-fogg-150-royal-original-imaezckygkygefp2.jpeg?q=70
1908,Fogg,Fogg Fresh Oriental Deodorant Spray  -  For Men,150 ml,275,https://rukminim1.flixcart.com/image/280/280/jkobte80/deodorant/3/z/z/240-fresh-oriental-fragrance-body-spray-120-ml-fresh-spicy-original-imaejgvdc6uxw8rg.jpeg?q=70
1908,Fogg,"Fogg 1000 Sprays, Ultimate Deodorant Spray  -  For Men",150 ml,227,https://rukminim1.flixcart.com/image/280/280/jfbfde80/deodorant/v/q/f/150-1000-sprays-ultimate-body-spray-fogg-men-women-original-imaf3t5qkghekhht.jpeg?q=70
1908,Fogg,Fogg Bleu - Forest Deodorant Spray  -  For Men,120 ml,255,https://rukminim1.flixcart.com/image/280/280/deodorant/h/m/m/body-spray-fogg-120-bleu-forest-original-imaejgvdjqhvmsny.jpeg?q=70
1908,Fogg,Fogg Fantastic Dynamic Deodorant Spray  -  For Men,120 ml,200,https://rukminim1.flixcart.com/image/280/280/j3j1le80/deodorant/a/p/9/120-dynamic-fragrance-body-spray-fogg-men-original-imaeun5dmhdsnpb4.jpeg?q=70
1908,Fogg,Fogg Fresh Aromatic Deodorant Spray  -  For Men,150 ml,275,https://rukminim1.flixcart.com/image/280/280/jkobte80/deodorant/q/g/z/240-fresh-aromatic-fragrance-body-spray-120-ml-fresh-spicy-original-imaejgvdkfvfag3g.jpeg?q=70
1908,Fogg,Fogg Napoleon Fragnance Body Deodorant Spray  -  For Men,150 ml,230,https://rukminim1.flixcart.com/image/280/280/deodorant/n/q/v/150-napoleon-deodorant-spray-fogg-original-imaeqdz85nu8qvgh.jpeg?q=70
1908,Fogg,Fogg Fresh Fougere Body Spray  -  For Men & Women,150 ml,275,https://rukminim1.flixcart.com/image/280/280/jkobte80/deodorant/h/z/z/240-fresh-woody-fragrance-body-spray-120-ml-fresh-fougere-original-imaejgvdbunzzheh.jpeg?q=70
1908,Fogg,Fogg Forever Deodorant Spray  -  For Men,150 ml,230,https://rukminim1.flixcart.com/image/280/280/jepzrm80/deodorant/2/d/v/150-1000-sprays-forever-body-spray-fogg-men-women-original-imaf3chygbynrdb3.jpeg?q=70
1908,Fogg,Fogg Scent Impressio Eau de Parfum  -  100 ml,100 ml,500,https://rukminim1.flixcart.com/image/280/280/perfume/a/f/q/eau-de-parfum-fogg-100-fogg-scent-impressio-eau-de-parfum-original-imaegav2v5dyzp3d.jpeg?q=70
1908,Fogg,Fogg Royal Fragrance Deodorant Spray  -  For Men,150 ml,227,https://rukminim1.flixcart.com/image/280/280/jk76j680/deodorant/z/z/u/120-fogg-body-spray-120ml-body-spray-fogg-body-spray-men-women-original-imaffyetwftjrhda.jpeg?q=70
1908,Fogg,Fogg Scent XPRESSIO Eau de Parfum  -  100 ml,100 ml,500,https://rukminim1.flixcart.com/image/280/280/perfume/f/q/a/eau-de-parfum-fogg-100-fogg-scent-xpressio-eau-de-parfum-original-imaegbdgzhn9g6kk.jpeg?q=70
1908,Fogg,Fogg Napoleon Deodorant Spray  -  For Men,150 ml,227,https://rukminim1.flixcart.com/image/280/280/jz5vjbk0/deodorant/k/g/u/240-marco-and-napoleon-fragrance-body-spray-deodorant-spray-fogg-original-imaf3chy63tn9myx.jpeg?q=70
1908,Fogg,Fogg Essence Deodorant Spray  -  For Women,150 ml,227,https://rukminim1.flixcart.com/image/280/280/jepzrm80/deodorant/x/z/h/150-essence-body-spray-fogg-women-original-imaf3chy9uhgrsh9.jpeg?q=70
1908,Fogg Scent,Fogg Scent Impressio Eau de Parfum  -  100 ml,100 ml,498,https://rukminim1.flixcart.com/image/280/280/j3orcsw0/deodorant/d/6/7/100-scent-impressio-deodorant-spray-fogg-men-original-imaeurj5mxgpzgau.jpeg?q=70
1908,Fogg Scent,Fogg Scent Xtremo Eau de Parfum  -  100 ml,100 ml,498,https://rukminim1.flixcart.com/image/280/280/j3orcsw0/deodorant/z/y/x/100-scent-xtremo-deodorant-spray-fogg-men-original-imaeurjazhwu2dga.jpeg?q=70
1908,HE,HE Innovator Perfume Body Spray  -  For Men,150 ml,161,https://rukminim1.flixcart.com/image/280/280/jwjkh3k0/deodorant/y/h/z/150-innovator-perfume-body-spray-he-men-original-imaerb96bm7zscdy.jpeg?q=70
1908,HE,HE Power Perfume Body Spray  -  For Men,120 ml,165,https://rukminim1.flixcart.com/image/280/280/deodorant/2/x/p/122-power-perfume-body-spray-he-original-imaerb8xm3xpagjr.jpeg?q=70
1908,HE,HE Respect Perfume Body Spray  -  For Men,150 ml,161,https://rukminim1.flixcart.com/image/280/280/jwjkh3k0/deodorant/h/f/k/150-respect-perfume-body-spray-he-men-original-imaerb9ywqgfw3nq.jpeg?q=70
1908,HE,HE Intense Perfume Body Spray  -  For Men,120 ml,187,https://rukminim1.flixcart.com/image/280/280/jz30nm80/deodorant/k/y/n/120-intense-perfume-body-spray-he-men-original-imafj6hah8bfx8ct.jpeg?q=70
1908,HE,HE Hypnotic Deodorant Spray  -  For Men,122 ml,193,https://rukminim1.flixcart.com/image/280/280/jepzrm80/deodorant/g/r/y/122-hypnotic-body-spray-he-men-original-imaf3chy9gudwrgh.jpeg?q=70
1908,HE,HE Icy Collection Arctic Perfume Body Spray  -  For Men,120 ml,197,https://rukminim1.flixcart.com/image/280/280/jepzrm80/deodorant/k/j/b/122-icy-collection-arctic-perfume-body-spray-he-men-original-imaf3chyfumscfqy.jpeg?q=70
1908,HE,HE Force Perfume Body Spray  -  For Men,120 ml,193,https://rukminim1.flixcart.com/image/280/280/jwjkh3k0/deodorant/h/y/6/120-force-perfume-body-spray-he-men-original-imaf5fhfd6eu7m7w.jpeg?q=70
1908,HE,HE Magic Duo Yin and Yang Premium Perfume Body Spray  -  For Men,100 ml,200,https://rukminim1.flixcart.com/image/280/280/jsj90280/deodorant/t/h/z/100-magic-duo-yin-and-yang-premium-perfume-body-spray-he-men-original-imafe3e779zygy9r.jpeg?q=70
1908,HE,HE Magic Duo Angel and Demon Premium Perfume Body Spray  -  For Men,100 ml,200,https://rukminim1.flixcart.com/image/280/280/jsj90280/deodorant/r/m/8/100-magic-duo-angel-and-demon-premium-perfume-body-spray-he-men-original-imafe3e8s9c8qynt.jpeg?q=70
1908,KamaSutra,KamaSutra Spark Power series Body Spray  -  For Men & Women,135 ml,105,https://rukminim1.flixcart.com/image/280/280/jy0frm80/deodorant/f/t/r/135-spark-power-series-body-spray-kamasutra-men-women-original-imafgbz8xdcqxzk4.jpeg?q=70
1908,KamaSutra,KamaSutra Rush and Dare Deodorant Spray  -  For Men,2x150 ml,210,https://rukminim1.flixcart.com/image/280/280/jxc5a4w0/deodorant/g/7/e/300-rush-and-dare-deodorant-spray-kamasutra-men-original-imafhtj8wpw32qyf.jpeg?q=70
1908,KamaSutra,KamaSutra Spark Deodorant Spray  -  For Men,260 ml,194,https://rukminim1.flixcart.com/image/280/280/k0sgl8w0/deodorant/e/y/p/260-spark-deodorant-deodorant-spray-kamasutra-men-original-imafkgfreeguh8xg.jpeg?q=70
1908,KamaSutra,KamaSutra Rush Deo Spray for Men Deodorant Spray  -  For Men,150 ml,136,//img1a.flixcart.com/www/linchpin/fk-cp-zion/img/placeholder_9951d0.svg
1908,KamaSutra,KamaSutra Triple XXX Deodorant Spray  -  For Men,120 ml,154,https://rukminim1.flixcart.com/image/280/280/k66sh3k0/deodorant/z/z/w/120-triple-xxx-deodorant-spray-kamasutra-men-original-imafzp9fhzfkc4jt.jpeg?q=70
1908,KamaSutra,KamaSutra Urge Deodorant Spray  -  For Men,150 ml,147,https://rukminim1.flixcart.com/image/280/280/k0sgl8w0/deodorant/k/x/r/150-urge-deodorant-deodorant-spray-kamasutra-men-original-imafkgfrm2fsexqd.jpeg?q=70
1908,KamaSutra,KamaSutra Spark Eau de Parfum  -  100 ml,100 ml,374,https://rukminim1.flixcart.com/image/280/280/k4x2du80/perfume/h/5/b/100-spark-eau-de-parfum-kamasutra-men-original-imafm2twhuuuqnvz.jpeg?q=70
1908,Nivea,Nivea Protect & Care Deodorant Roll-on  -  For Women,25 ml,99,https://rukminim1.flixcart.com/image/280/280/k7531jk0/deodorant/k/h/h/25-protect-care-roll-on-25ml-deodorant-roll-on-nivea-women-original-imafpg47tccrvrja.jpeg?q=70
1908,Nivea,Nivea Fresh Comfort Deodorant Spray  -  For Women,150 ml,163,https://rukminim1.flixcart.com/image/280/280/deodorant/f/h/g/body-mist-nivea-150-fresh-comfort-deodorant-original-imaeh7b2vczaeu3y.jpeg?q=70
1908,Nivea,Nivea Whitening Talc Touch Deodorant Spray  -  For Women,2x150 ml,415,https://rukminim1.flixcart.com/image/280/280/jt395zk0/deodorant/g/p/d/300-whitening-talc-touch-deodorant-spray-nivea-women-original-imafegh2f4nc6hda.jpeg?q=70
1908,NIVEA,NIVEA Whitening Smooth Skin Deodorant Roll-on  -  For Women,50 ml,157,https://rukminim1.flixcart.com/image/280/280/j13vqfk0/deodorant/g/f/c/50-whitening-smooth-skin-deodorant-roll-on-nivea-original-imaesrgphn8umxcu.jpeg?q=70
1908,NIVEA,NIVEA Musk Talc,400 g,204,https://rukminim1.flixcart.com/image/280/280/jtbtt3k0/talc/z/x/r/400-musk-talc-nivea-original-imafeph9ajyyrjd8.jpeg?q=70
1908,NIVEA,NIVEA Pearl & Beauty Roll On (Pack of 1) Deodorant Roll-on  -  For Women,50 ml,157,https://rukminim1.flixcart.com/image/280/280/j13vqfk0/deodorant/m/k/w/50-pearl-and-beauty-deodorant-roll-on-nivea-original-imaesrgpaz6mggue.jpeg?q=70
1908,NIVEA,NIVEA Pure Talc,400 g,204,https://rukminim1.flixcart.com/image/280/280/jtbtt3k0/talc/w/g/u/400-pure-talc-nivea-original-imafeph9fyvhsz8j.jpeg?q=70
1908,NIVEA,NIVEA Whitening Smooth Skin Deodorant Spray  -  For Women,150 ml,171,https://rukminim1.flixcart.com/image/280/280/jf2uqa80/deodorant/s/f/s/150-whitening-smooth-skin-deodorant-spray-nivea-women-original-imaf3mndhkemc6pn.jpeg?q=70
1908,NIVEA,NIVEA Protect & Care Deodorant Roll-on  -  For Women,50 ml,157,https://rukminim1.flixcart.com/image/280/280/j13vqfk0/deodorant/w/k/2/50-protect-and-care-deodorant-roll-on-nivea-original-imaesrgpvqcyxhzy.jpeg?q=70
1908,NIVEA,NIVEA White Musk and Care Deodorant Spray  -  For Women,120 ml,195,https://rukminim1.flixcart.com/image/280/280/jtbtt3k0/deodorant/r/g/w/120-white-musk-and-care-deodorant-spray-nivea-women-original-imafeph7gzumeaub.jpeg?q=70
1908,NIVEA,NIVEA Whitening Sensitive Deodorant Spray  -  For Women,150 ml,171,https://rukminim1.flixcart.com/image/280/280/jf2uqa80/deodorant/g/4/f/150-whitening-sensitive-deodorant-spray-nivea-women-original-imaf3mndu2ehhpzr.jpeg?q=70
1908,NIVEA,NIVEA Protect & Care Deodorant Spray  -  For Women,150 ml,169,https://rukminim1.flixcart.com/image/280/280/jf2uqa80/deodorant/v/w/g/150-protect-care-deodorant-spray-nivea-women-original-imaf3mnfbzftzkqp.jpeg?q=70
1908,NIVEA,NIVEA Fresh Rose & Care Female Deodorizer Deodorant Spray  -  For Women,120 ml,190,https://rukminim1.flixcart.com/image/280/280/jtbtt3k0/deodorant/v/z/a/120-fresh-rose-care-female-deodorizer-deodorant-spray-nivea-original-imafeph7drezvzyf.jpeg?q=70
1908,NIVEA,NIVEA Fresh Natural Deodorant Spray  -  For Women,150 ml,179,https://rukminim1.flixcart.com/image/280/280/jf2uqa80/deodorant/8/f/w/150-fresh-natural-deodorant-spray-nivea-women-original-imaf3mnezdb2rruz.jpeg?q=70
1908,NIVEA,NIVEA Fresh Petal & Care Female Deodorizer Deodorant Spray  -  For Women,120 ml,188,https://rukminim1.flixcart.com/image/280/280/jtbtt3k0/deodorant/x/d/j/120-fresh-petal-care-female-deodorizer-deodorant-spray-nivea-original-imafeph7tzgeug85.jpeg?q=70
1908,NIVEA,NIVEA Whitening Talc Touch 48 hr Deodorant Spray  -  For Women,2x150 ml,415,https://rukminim1.flixcart.com/image/280/280/jx0prbk0/deodorant/g/m/x/300-whitening-talc-touch-48-hr-deodorant-spray-nivea-women-original-imafhg93gvsyunuy.jpeg?q=70
1908,NIVEA,NIVEA whitening talc touch Deodorant Spray  -  For Women,150 ml,198,https://rukminim1.flixcart.com/image/280/280/jf2uqa80/deodorant/u/h/g/150-whitening-talc-touch-deodorant-spray-nivea-women-original-imaf3mnfgvbccyqh.jpeg?q=70
1908,NIVEA MEN,NIVEA MEN Fresh Active Deodorant Roll-on  -  For Men,50 ml,138,https://rukminim1.flixcart.com/image/280/280/jtbtt3k0/deodorant/c/m/h/50-fresh-active-deodorant-roll-on-nivea-men-men-original-imafeph758fvn2hy.jpeg?q=70
1908,NIVEA MEN,NIVEA MEN Fresh Power Boost Deodorant Spray  -  For Men,150 ml,139,https://rukminim1.flixcart.com/image/280/280/jtbtt3k0/deodorant/k/g/z/150-fresh-power-boost-deodorant-spray-nivea-men-men-original-imafeph74gxxx9xu.jpeg?q=70
1908,NIVEA MEN,NIVEA MEN Cool Kick Deodorant Roll-on  -  For Men,50 ml,138,https://rukminim1.flixcart.com/image/280/280/jtbtt3k0/deodorant/u/y/4/50-cool-kick-deodorant-roll-on-nivea-men-men-original-imafeph7mxvypru3.jpeg?q=70
1908,NIVEA MEN,NIVEA MEN Fresh Power Charge Deodorant Spray  -  For Men,150 ml,139,https://rukminim1.flixcart.com/image/280/280/jtbtt3k0/deodorant/3/p/g/150-fresh-power-charge-body-spray-nivea-men-men-original-imafeph7ufjjwzk6.jpeg?q=70
1908,NIVEA MEN,NIVEA MEN Deep Impact Freshness Deodorant Roll-on  -  For Men,50 ml,179,https://rukminim1.flixcart.com/image/280/280/jtbtt3k0/deodorant/u/x/m/50-deep-impact-freshness-deodorant-roll-on-nivea-men-men-original-imafeph7apkhtcqy.jpeg?q=70
1908,NIVEA MEN,NIVEA MEN Fresh Power Deodorant Roll-on  -  For Men,50 ml,138,https://rukminim1.flixcart.com/image/280/280/jtbtt3k0/deodorant/c/s/c/50-fresh-power-deodorant-roll-on-nivea-men-men-original-imafeph7vrym4hgs.jpeg?q=70
1908,NIVEA MEN,NIVEA MEN Protect & Care Deodorant Spray  -  For Men,150 ml,169,https://rukminim1.flixcart.com/image/280/280/k91o6fk0/deodorant/k/5/n/150-protect-care-deodorant-spray-nivea-men-original-imafqxfvfkzz27bv.jpeg?q=70
1908,NIVEA MEN,NIVEA MEN Fresh Active long lasting freshness Deodorant Spray  -  For Men,150 ml,179,https://rukminim1.flixcart.com/image/280/280/jtbtt3k0/deodorant/f/q/u/150-fresh-active-original-body-spray-nivea-men-men-original-imafeph73yywggnh.jpeg?q=70
1908,NIVEA MEN,NIVEA MEN Deep Impact Freshness Deodorant Spray  -  For Men,150 ml,179,https://rukminim1.flixcart.com/image/280/280/jtbtt3k0/deodorant/z/h/6/150-deep-impact-freshness-deodorant-spray-nivea-men-men-original-imafeph72pkgywhz.jpeg?q=70
1908,NIVEA MEN,NIVEA MEN Fresh Protect Intense Deodorizer Deodorant Spray  -  For Men,120 ml,200,https://rukminim1.flixcart.com/image/280/280/jtbtt3k0/deodorant/e/9/f/120-fresh-protect-intense-deodorizer-body-spray-nivea-men-men-original-imafeph77ysfeamd.jpeg?q=70
1908,NIVEA MEN,NIVEA MEN Fresh Protect Ice Cool Deodorizer Deodorant Spray  -  For Men,120 ml,207,https://rukminim1.flixcart.com/image/280/280/j5jx1u80/deodorant/p/2/f/120-fresh-protect-deodorizer-ice-cool-body-spray-nivea-men-original-imaew7phyz4ngwhr.jpeg?q=70
1908,NIVEA MEN,NIVEA MEN Sport Deodorant Spray  -  For Men,150 ml,168,https://rukminim1.flixcart.com/image/280/280/jtbtt3k0/deodorant/d/w/y/150-sport-deodorant-spray-nivea-men-men-original-imafeph7rwdm7hdd.jpeg?q=70
1908,NIVEA MEN,NIVEA MEN Duo Summer Fresh Deodorant Spray  -  For Men,100 ml,225,https://rukminim1.flixcart.com/image/280/280/jtbtt3k0/deodorant/r/z/h/100-duo-summer-fresh-deodorant-spray-nivea-men-original-imafeph7ggmhsj8j.jpeg?q=70
1908,NIVEA MEN,NIVEA MEN Fresh Protect Sprint Deodorizer Deodorant Spray  -  For Men,120 ml,184,https://rukminim1.flixcart.com/image/280/280/jtbtt3k0/deodorant/g/y/z/120-fresh-protect-sprint-deodorizer-body-spray-nivea-men-men-original-imafeph7jgwzgrsw.jpeg?q=70
1908,NIVEA MEN,NIVEA MEN Duo Active Fresh Deodorant Spray  -  For Men,100 ml,225,https://rukminim1.flixcart.com/image/280/280/jtbtt3k0/deodorant/r/n/k/100-duo-active-fresh-deodorant-spray-nivea-men-original-imafeph7jkvug74r.jpeg?q=70
1908,NIVEA MEN,NIVEA MEN Silver Protect Deodorant Spray  -  For Men,150 ml,159,https://rukminim1.flixcart.com/image/280/280/jtbtt3k0/deodorant/9/3/x/150-silver-protect-deodorant-spray-nivea-men-men-original-imafeph7wndbbmaj.jpeg?q=70
1908,NIVEA MEN,NIVEA MEN Cool Kick Deodorant Spray  -  For Men,150 ml,178,https://rukminim1.flixcart.com/image/280/280/jtbtt3k0/deodorant/y/z/3/150-cool-kick-deodorant-spray-nivea-men-men-original-imafeph7zdarbkhf.jpeg?q=70
1908,Nycil,Nycil Cool Classic Prickly Heat Powder,150 g,93,https://rukminim1.flixcart.com/image/280/280/jt7jhjk0/talc/w/g/e/150-cool-classic-prickly-heatppowder-nycil-original-imafemdv9eay7aaq.jpeg?q=70
1908,Nycil,Nycil Cool Herbal Prickly Heat Powder,150 g,110,https://rukminim1.flixcart.com/image/280/280/ka73y4w0/talc/w/j/p/150-cool-herbal-prickly-heat-powder-nycil-original-imafrtp73b6rtcab.jpeg?q=70
1908,Nycil,Nycil Cool Gulabjal Prickly Heat Powder,400 g,195,https://rukminim1.flixcart.com/image/280/280/jtiz0cw0/talc/y/9/9/400-cool-gulabjal-prickly-heat-powder-nycil-original-imafeuv6z8pgzw6c.jpeg?q=70
1908,Park Avenue,Park Avenue Trance Perfume Body Spray  -  For Men,135 ml,157,https://rukminim1.flixcart.com/image/280/280/k34rki80/deodorant/w/w/u/135-trance-perfume-body-spray-park-avenue-men-original-imafmbz5ukcvjanb.jpeg?q=70
1908,Park Avenue,"Park Avenue Original Collection Storm, Cool Blue and Good Morning Deodorant Spray  -  For Men","Combo Pack 2 + 1 Free, 150 ml each",398,https://rukminim1.flixcart.com/image/280/280/k9itgnk0/deodorant/z/a/w/300-deodorant-combo-good-morning-cool-blue-storm-deodorant-spray-original-imafravvdavjjrkn.jpeg?q=70
1908,Park Avenue,Park Avenue Storm Fragrance Deo Talc,100 g,49,https://rukminim1.flixcart.com/image/280/280/jgqv8280/talc/f/n/a/100-storm-park-avenue-original-imaf4wvj9rujhbda.jpeg?q=70
1908,Park Avenue,Park Avenue Good Morning Intense Perfume Body Spray  -  For Men,125 g,199,https://rukminim1.flixcart.com/image/280/280/k34rki80/deodorant/q/3/j/125-good-morning-intense-perfume-body-spray-park-avenue-men-original-imafmbz5mpynhr6b.jpeg?q=70
1908,Park Avenue,Park Avenue Voyage Amazon Woods Deodorant Spray  -  For Men,120 ml,275,https://rukminim1.flixcart.com/image/280/280/ka5oia80/deodorant/g/z/t/120-voyage-amazon-woods-deodorant-spray-park-avenue-men-original-imafrsm3zpzfzqha.jpeg?q=70
1908,Park Avenue,Park Avenue Signature Collection Alter Ego Perfume Body Spray  -  For Men,150 ml,180,https://rukminim1.flixcart.com/image/280/280/k34rki80/deodorant/k/g/2/150-signature-collection-alter-ego-perfume-body-spray-park-original-imafkhhgqr7hjgkz.jpeg?q=70
1908,Park Avenue,"Park Avenue Good Morning , Cool Blue & Storm Deodorant Spray  -  For Men",Buy 2 Get 1(150ml Each) Free,398,https://rukminim1.flixcart.com/image/280/280/k3khevk0/deodorant/z/b/x/300-good-morning-cool-blue-storm-deodorant-spray-park-avenue-men-original-imafmnwcu53rrgd5.jpeg?q=70
1908,Park Avenue,Park Avenue Alexander Body Spray Deodorant Spray  -  For Men,2x150 ml,398,https://rukminim1.flixcart.com/image/280/280/ka2tmkw0/deodorant/a/e/j/300-alexander-body-spray-deodorant-spray-park-avenue-men-original-imafrqh9uem8xtqw.jpeg?q=70
1908,Park Avenue,Park Avenue Elevate Eau de Parfum  -  116 ml,116 ml,233,https://rukminim1.flixcart.com/image/280/280/jzx0wi80/perfume/w/h/3/116-elevate-eau-de-parfum-park-avenue-men-original-imafjp5rz2azhvyh.jpeg?q=70
1908,Park Avenue,"Park Avenue Signature - Voyage, Alter Ego Deodorant Spray  -  For Men",3x150 ml,477,https://rukminim1.flixcart.com/image/280/280/k3orqfk0/deodorant/q/y/p/420-signature-voyage-alter-ego-deodorant-spray-park-avenue-men-original-imafmrcpkvf8z3bx.jpeg?q=70
1908,Park Avenue,Park Avenue Voyage Perfume Body Spray  -  For Men,130 ml,240,https://rukminim1.flixcart.com/image/280/280/k34rki80/deodorant/h/g/s/150-signature-collection-voyage-perfume-body-spray-park-avenue-original-imafkhhg6p3ycjey.jpeg?q=70
1908,Park Avenue,Park Avenue Good Morning Electric Perfume Body Spray  -  For Men,110 g,197,https://rukminim1.flixcart.com/image/280/280/k34rki80/deodorant/z/v/3/110-good-morning-electric-perfume-body-spray-park-avenue-men-original-imafmbz5rzymwqam.jpeg?q=70
1908,Park Avenue,Park Avenue Cool Blue Deodorant Spray  -  For Men,100 g,199,https://rukminim1.flixcart.com/image/280/280/jgqv8280/deodorant/f/6/u/27-cool-blue-deodorant-spray-park-avenue-men-original-imaezxa9fvhkfsy3.jpeg?q=70
1908,Park Avenue,Park Avenue Good Morning Ultimate Perfume Body Spray  -  For Men,150 ml,238,https://rukminim1.flixcart.com/image/280/280/k34rki80/deodorant/p/z/c/150-good-morning-ultimate-perfume-body-spray-park-avenue-men-original-imafmbz5hnythsdf.jpeg?q=70
1908,Park Avenue,Park Avenue Deodorant Combo Voyage & Neo Deodorant Spray  -  For Men,"Combo Pack 2 + 1 Free, 150 ml each",480,https://rukminim1.flixcart.com/image/280/280/k8ndrww0/deodorant/7/m/h/300-deodorant-combo-voyage-neo-deodorant-spray-park-avenue-men-original-imafqm4gbhryvszg.jpeg?q=70
1908,Park Avenue,Park Avenue Original Collection Cool Blue Fragrance Seize the Day Body Spray  -  For Men,150 ml,199,https://rukminim1.flixcart.com/image/280/280/k34rki80/deodorant/g/z/g/150-original-collection-cool-blue-fragrance-seize-the-day-body-original-imafkhhgk4t8gbsc.jpeg?q=70
1908,Park Avenue,Park Avenue 4X Impact Premium Perfume Regal Perfume  -  120 ml,25% Extra in Pack,240,https://rukminim1.flixcart.com/image/280/280/k34rki80/perfume/7/t/4/120-4x-impact-premium-perfume-regal-perfume-park-avenue-men-original-imafmbz5m6hjsag8.jpeg?q=70
1908,Park Avenue,Park Avenue Long Lasting Body Fragrance-Epic Perfume  -  150 ml,25% Extra in Pack,197,https://rukminim1.flixcart.com/image/280/280/k34rki80/perfume/t/n/s/150-long-lasting-body-fragrance-epic-perfume-park-avenue-men-original-imafmbz5z6yfxepp.jpeg?q=70
1908,Park Avenue,Park Avenue Signature Collection Alter Ego Deodorant Spray  -  For Men,2x150 ml,480,https://rukminim1.flixcart.com/image/280/280/k8ytaq80/deodorant/a/5/d/300-signature-collection-alter-ego-deodorant-spray-park-avenue-original-imafqvferhhaq7bj.jpeg?q=70
1908,Park Avenue,Park Avenue Long Lasting Body Fragrance-Alexander Perfume  -  150 ml,25% Extra in Pack,199,https://rukminim1.flixcart.com/image/280/280/k34rki80/perfume/q/f/s/150-long-lasting-body-fragrance-alexander-perfume-park-avenue-original-imafmbz55nkmhbxx.jpeg?q=70
1908,Secret Temptation,Secret Temptation Romance Deodorant Spray  -  For Women,150 ml,171,https://rukminim1.flixcart.com/image/280/280/jlb6v0w0/deodorant/t/v/a/150-romance-deodorant-spray-secret-temptation-women-original-imaf8gtgtz4zhdht.jpeg?q=70
1908,Secret Temptation,Secret Temptation Desire Pack of 1 Deodorant Spray  -  For Women,150 ml,147,https://rukminim1.flixcart.com/image/280/280/jndhrbk0/deodorant/z/c/z/150-desire-pack-of-1-deodorant-spray-secret-temptation-women-original-imafa2kb2tvmuctn.jpeg?q=70
1908,Secret Temptation,Secret Temptation Te Amo Pearl Perfume  -  For Women,120 ml,169,https://rukminim1.flixcart.com/image/280/280/j4hc5u80/perfume/w/n/g/120-te-amo-pearl-perfume-secret-temptation-women-original-imaeuyy7cqafqkww.jpeg?q=70
1908,Secret Temptation,Secret Temptation Te Amo Aqua and Breeze Combo (120 ml x 2) Body Mist  -  For Women,"Combo Pack 2 + 1 Free, 120 ml each",338,https://rukminim1.flixcart.com/image/280/280/k9u8zgw0/deodorant/g/q/e/240-te-amo-aqua-and-breeze-combo-pack-2-deodorant-spray-secret-original-imafrjeqz7jzhc66.jpeg?q=70
1908,Secret Temptation,Secret Temptation Passion Deodorant Spray  -  For Women,150 ml,152,https://rukminim1.flixcart.com/image/280/280/jxrv4i80/deodorant/b/n/r/150-passion-deodorant-spray-secret-temptation-women-original-imafg2mn6wyzvhha.jpeg?q=70
1908,Secret Temptation,Secret Temptation Te Amo Aqua Perfume  -  For Women,120 ml,169,https://rukminim1.flixcart.com/image/280/280/j4hc5u80/perfume/n/b/w/120-te-amo-aqua-perfume-secret-temptation-women-original-imaeuyy7gjd6ufyz.jpeg?q=70
1908,Secret Temptation,Secret Temptation Te Amo Breeze Perfume  -  For Women,120 ml,169,https://rukminim1.flixcart.com/image/280/280/j4hc5u80/perfume/r/h/y/120-te-amo-breeze-perfume-secret-temptation-women-original-imaeuyy7ucu5wdyw.jpeg?q=70
1908,Secret Temptation,Secret Temptation Play Deodorant Spray  -  For Women,150 ml,171,https://rukminim1.flixcart.com/image/280/280/jmkwya80/deodorant/g/z/p/150-play-deodorant-spray-secret-temptation-women-original-imaf9ytyxkmah2xe.jpeg?q=70
1908,Set Wet,"Set Wet Cool, Charm and Mischief Avatar Deodorant Spray  -  For Men",3x150 ml,290,https://rukminim1.flixcart.com/image/280/280/jvtujrk0/deodorant/m/y/f/450-cool-charm-and-mischief-avatar-deodorant-spray-set-wet-men-original-imaffvhqgzdmacn2.jpeg?q=70
1908,Set Wet,Set Wet Swag Avatar Deodorant Spray  -  For Men,150 ml,104,https://rukminim1.flixcart.com/image/280/280/deodorant/h/n/q/150-swag-deodorant-spray-set-wet-original-imaem2kq7gmhzh89.jpeg?q=70
1908,Set Wet,Set Wet Spunky and Funky Avatar Perfume Body Spray  -  For Men,2x120 ml,242,https://rukminim1.flixcart.com/image/280/280/jvmpci80/deodorant/q/z/g/240-spunky-and-funky-avatar-deodorant-spray-set-wet-men-original-imaffvhqhazx3wzn.jpeg?q=70
1908,Set Wet,Set Wet Chill Avatar Deodorant Spray  -  For Men,150 ml,104,https://rukminim1.flixcart.com/image/280/280/juu4jgw0/deodorant/g/z/g/150-chill-avatar-deodorant-spray-set-wet-men-original-imaffvhqw5cjffmg.jpeg?q=70
1908,Set Wet,Set Wet Cool Avatar Deodorant Spray  -  For Men,150 ml,126,https://rukminim1.flixcart.com/image/280/280/juu4jgw0/deodorant/r/x/4/150-cool-avatar-deodorant-spray-set-wet-men-original-imaffvhqxee5hnzh.jpeg?q=70
1908,Set Wet,"Set Wet Cool, Charm and Swag Avatar Deodorant Spray  -  For Men",3x150 ml,388,https://rukminim1.flixcart.com/image/280/280/jvv9zm80/deodorant/d/k/k/450-cool-charm-and-swag-avatar-deodorant-spray-set-wet-men-original-imaffvhqdynvdfhh.jpeg?q=70
1908,Set Wet,"Set Wet Cool, Charm and Chill Avatar Deodorant Spray  -  For Men",3x150 ml,444,https://rukminim1.flixcart.com/image/280/280/jvv9zm80/deodorant/h/y/u/450-cool-charm-and-chill-avatar-deodorant-spray-set-wet-men-original-imaffvhqezxjhggk.jpeg?q=70
1908,Spinz,Spinz Exotic Deodorant Spray  -  For Women,150 ml,133,https://rukminim1.flixcart.com/image/280/280/jyt0knk0/deodorant/x/d/x/150-exotic-deodorant-spray-spinz-women-original-imafgwh8aw9ndjza.jpeg?q=70
1908,Spinz,Spinz Enchante Deodorant Spray  -  For Women,150 ml,127,https://rukminim1.flixcart.com/image/280/280/jawthu80/deodorant/r/c/8/150-enchante-deodorant-spray-spinz-women-original-imafydtqjxpscahq.jpeg?q=70
1908,Spinz,Spinz Hi Flyer Deodorant Spray  -  For Women,150 ml,161,https://rukminim1.flixcart.com/image/280/280/k9vofbk0/deodorant/6/m/m/150-hi-flyer-deodorant-spray-spinz-women-original-imafrkza3zcrr9hx.jpeg?q=70
1908,Spinz,Spinz High Flyer Deodorant Spray  -  For Men,150 ml,150,https://rukminim1.flixcart.com/image/280/280/jtvtz0w0/deodorant/v/h/t/150-high-flyer-deodorant-spray-spinz-men-original-imaff42vrtcdyf8z.jpeg?q=70
1908,Spinz,Spinz Risk Taker Deodorant Spray  -  For Men,150 ml,150,https://rukminim1.flixcart.com/image/280/280/jtuej680/deodorant/t/c/z/150-risk-taker-deodorant-spray-spinz-men-original-imaff3sykpejnkev.jpeg?q=70
1908,Spinz,Spinz Achiever Deodorant Spray  -  For Women,150 ml,161,https://rukminim1.flixcart.com/image/280/280/jawthu80/deodorant/h/n/h/150-achiever-deodorant-spray-spinz-women-original-imafydvrktehsfph.jpeg?q=70
1908,Spinz,Spinz Thrill Seeker Deodorant Spray  -  For Women,150 ml,161,https://rukminim1.flixcart.com/image/280/280/jawthu80/deodorant/9/a/x/150-thrill-seeker-deodorant-spray-spinz-women-original-imafydufgyprecr6.jpeg?q=70
1908,Spinz,Spinz No Gas Exotic Deodorant Spray  -  For Men,110 ml,146,https://rukminim1.flixcart.com/image/280/280/k73nlow0/deodorant/y/n/s/110-no-gas-deo-exotic-deodorant-spray-spinz-men-original-imafpeuzhgnpwzrn.jpeg?q=70
1908,Spinz,Spinz No Gas Enchante Deodorant Spray  -  For Men,110 ml,146,https://rukminim1.flixcart.com/image/280/280/k73nlow0/deodorant/t/v/a/110-no-gas-deo-enchante-deodorant-spray-spinz-men-original-imafpeuzyfcvf8xs.jpeg?q=70
1908,Spinz,Spinz Trail Blazer Deodorant Spray  -  For Women,150 ml,161,https://rukminim1.flixcart.com/image/280/280/jawthu80/deodorant/g/y/g/150-trail-blazer-deodorant-spray-spinz-women-original-imafydtddbrahkmt.jpeg?q=70
1908,Wild Stone,Wild Stone Hydra Energy Talc,300 g,126,https://rukminim1.flixcart.com/image/280/280/talc/f/h/h/wild-stone-300-hydra-energy-talc-original-imaejt6caprywfeg.jpeg?q=70
1908,Wild Stone,Wild Stone Forest Spice Deodorant Spray  -  For Men,150 ml,119,https://rukminim1.flixcart.com/image/280/280/k1xwcy80/deodorant/d/g/g/150-forest-spice-deodorant-spray-wild-stone-men-original-imafhb24tfprsnyx.jpeg?q=70
1908,Wild Stone,Wild Stone Code Titanium Perfume Body Spray  -  For Men,120 ml,225,https://rukminim1.flixcart.com/image/280/280/k37mg7k0/combo-kit/z/t/g/forest-with-titanium-122345455-wild-stone-original-imafh4a2wyzw4wad.jpeg?q=70
1908,Wild Stone,Wild Stone Chrome Perfume Body Spray  -  For Men,120 ml,248,https://rukminim1.flixcart.com/image/280/280/jepzrm80/deodorant/7/p/g/120-chrome-perfume-body-spray-wild-stone-men-original-imaf3chyeakkh6qb.jpeg?q=70
1908,Wild Stone,Wild Stone Ultra Sensual,100 g,79,https://rukminim1.flixcart.com/image/280/280/k4yhtow0/talc/e/n/u/100-ultra-sensual-wild-stone-original-imafnhd8ggxxgnvg.jpeg?q=70
1908,Wild Stone,Wild Stone Code Platinum Perfume  -  For Men,120 ml,225,https://rukminim1.flixcart.com/image/280/280/k1l1ea80/perfume/b/y/j/120-platinum-body-perfume-perfume-wild-stone-men-original-imafh4a2x3gvtsvy.jpeg?q=70
1908,Wild Stone,Wild Stone Hydra Energy,100 g,79,https://rukminim1.flixcart.com/image/280/280/jw0zr0w0/talc/j/a/v/100-hydra-energy-wild-stone-original-imafgt52nzcyh5ek.jpeg?q=70
1908,Wild Stone,Wild Stone Code Gold Perfume  -  For Men,120 ml,225,https://rukminim1.flixcart.com/image/280/280/k1l1ea80/deodorant/j/h/s/120-code-gold-perfume-wild-stone-men-original-imafh4a2w95hqerc.jpeg?q=70
1908,Wild Stone,Wild Stone Ultra Sensual Deo Talc,300 g,151,https://rukminim1.flixcart.com/image/280/280/talc/p/r/f/wild-stone-300-ultra-sensual-deo-talc-original-imadjcpyzzbmktma.jpeg?q=70
1908,Wild Stone,Wild Stone Copper Perfume Deodorant Spray  -  For Men,120 ml,225,https://rukminim1.flixcart.com/image/280/280/deodorant/x/b/v/body-spray-wild-stone-120-copper-original-imaefg3hsfudhjju.jpeg?q=70
1908,Wild Stone,Wild Stone Wild Stone Grey Deodorant Spray  -  For Men,150 ml,197,https://rukminim1.flixcart.com/image/280/280/jcatwnk0/deodorant/f/d/p/150-wild-stone-grey-deodorant-spray-wild-stone-men-original-imaffgjgqfcdgsdc.jpeg?q=70
1908,Wild Stone,Wild Stone Fresh Pocket Perfume  -  For Men,18 ml,64,https://rukminim1.flixcart.com/image/280/280/jvwpfgw0/deodorant/n/b/s/18-fresh-pocket-perfume-wild-stone-men-original-imafgzyygaazpgga.jpeg?q=70
1908,Wild Stone,Wild Stone Hydra Energy Deodorant Spray  -  For Men,150 ml,179,https://rukminim1.flixcart.com/image/280/280/k5wse4w0/deodorant/c/y/s/150-hydra-energy-deodorant-deodorant-spray-wild-stone-men-women-original-imafhb24afewxrfy.jpeg?q=70
1908,Wild Stone,Wild Stone Red Deodorant Spray  -  For Men,225 ml,269,https://rukminim1.flixcart.com/image/280/280/k1jlyfk0/deodorant/f/u/g/225-red-deodorant-spray-wild-stone-men-original-imafh3g6e3rsjbzg.jpeg?q=70
1908,Wild Stone,Wild Stone Legend Deodorant Spray  -  For Men,225 ml,269,https://rukminim1.flixcart.com/image/280/280/k1jlyfk0/deodorant/b/j/w/225-legend-deodorant-spray-wild-stone-men-original-imafh3g6pc5cx7yp.jpeg?q=70
1908,Wild Stone,Wild Stone Thunder Deodorant Spray  -  For Men,150 ml,197,https://rukminim1.flixcart.com/image/280/280/j6fcqkw0/deodorant/m/p/a/150-thunder-deodorant-spray-wild-stone-men-original-imaewwcwxrzackd9.jpeg?q=70
1908,Wild Stone,Wild Stone Code Copper Body Perfume Perfume Body Spray  -  For Men,120 ml,248,https://rukminim1.flixcart.com/image/280/280/k1l1ea80/deodorant/g/j/t/120-copper-pack-of-1-perfume-body-spray-wild-stone-men-original-imafh4a2f9h6ehyu.jpeg?q=70
1908,Wild Stone,Wild Stone Ultra Sensual Deodorant Spray  -  For Men,225 ml,269,https://rukminim1.flixcart.com/image/280/280/k1jlyfk0/deodorant/q/f/v/225-ultra-sensual-deodorant-spray-wild-stone-men-original-imafh3g6rzfbuhgw.jpeg?q=70
1908,Wild Stone,Wild Stone Code Chrome Perfume Body Spray  -  For Men,120 ml,225,https://rukminim1.flixcart.com/image/280/280/k5wse4w0/deodorant/n/x/8/120-chrome-body-perfume-perfume-body-spray-wild-stone-men-women-original-imafh4a2xm9msf5h.jpeg?q=70
1908,Wild Stone,Wild Stone Copper Perfume Body Spray  -  For Men,120 ml,248,https://rukminim1.flixcart.com/image/280/280/jepzrm80/deodorant/z/m/y/120-copper-perfume-body-spray-wild-stone-men-original-imaf3chyxwjyesf8.jpeg?q=70
1908,Wild Stone,Wild Stone Bronze Perfume Body Spray  -  For Men,120 ml,225,https://rukminim1.flixcart.com/image/280/280/j4d1ua80/deodorant/b/g/h/120-bronze-perfume-body-spray-perfume-body-spray-wild-stone-men-original-imaevahrgzftccen.jpeg?q=70
1908,Wild Stone,Wild Stone EDGE Deodorant Spray  -  For Men,150 ml,179,https://rukminim1.flixcart.com/image/280/280/k1tm1e80/deodorant/f/p/f/150-w39-body-spray-wild-stone-men-original-imafhb255ywphwre.jpeg?q=70
1908,Yardley London,Yardley London Morning Dew Perfumed Talc,250 g,164,https://rukminim1.flixcart.com/image/280/280/jbwji4w0/talc/n/t/t/250-morning-dew-perfumed-talc-yardley-london-original-imaff5qah2tw5zee.jpeg?q=70
1908,Yardley London,Yardley London Morning Dew Deodorant Spray  -  For Women,150 ml,155,https://rukminim1.flixcart.com/image/280/280/jamtevk0/deodorant/b/x/k/150-morning-dew-body-spray-yardley-london-women-original-imafy5wy9dzcayhv.jpeg?q=70
1908,Yardley London,Yardley London English Lavender Perfumed Talc,250 g,164,https://rukminim1.flixcart.com/image/280/280/jamtevk0/talc/y/n/w/250-english-lavender-perfumed-talc-yardley-london-original-imafy5vshhxmq8mg.jpeg?q=70
1908,Yardley London,Yardley London English Lavender Deodorant Spray  -  For Women,150 ml,155,https://rukminim1.flixcart.com/image/280/280/jamtevk0/deodorant/j/d/x/150-english-lavender-body-spray-yardley-london-women-original-imafy5vsfanszqnn.jpeg?q=70
1908,Yardley London,Yardley London English Lavender Deodorant Roll-on  -  For Women,50 ml,150,https://rukminim1.flixcart.com/image/280/280/jim0x3k0/deodorant/q/a/9/50-english-lavender-anti-perspirant-deodorant-roll-on-yardley-original-imaf6d8w2gykenqf.jpeg?q=70
1908,Yardley London,Yardley London Gentleman Talc,250 g,164,https://rukminim1.flixcart.com/image/280/280/jbwji4w0/talc/k/9/r/250-gentleman-talc-yardley-london-original-imaff5qadrynwvpk.jpeg?q=70
1908,Yardley London,Yardley London English Rose Perfumed Talc,250 g,164,https://rukminim1.flixcart.com/image/280/280/jamtevk0/talc/f/8/x/250-english-rose-perfumed-talc-yardley-original-imafy5vskczavmuz.jpeg?q=70
1908,Yardley London,Yardley London Gentleman Classic Body Spray  -  For Men,150 ml,163,https://rukminim1.flixcart.com/image/280/280/jfh54sw0/deodorant/d/k/9/150-gentleman-classic-deodorant-spray-yardley-london-men-original-imaf3xpftwqrjgu2.jpeg?q=70
1908,Yardley London,Yardley London Elegance Deodorizing Talc,250 g,164,https://rukminim1.flixcart.com/image/280/280/jbwji4w0/talc/w/c/j/100-elegance-deodorizing-talc-yardley-london-original-imaff5qawy4nyhjg.jpeg?q=70
1908,Yardley London,Yardley London Gold Deodorizing Talc,250 g,164,https://rukminim1.flixcart.com/image/280/280/jepzrm80/talc/3/w/v/250-gold-deodorizing-talc-for-men-yardley-london-original-imaf3cgy8yt4qbyw.jpeg?q=70
1908,Yardley London,Yardley London Rose Body Spray  -  For Women,150 ml,155,https://rukminim1.flixcart.com/image/280/280/jamtevk0/deodorant/z/5/f/150-rose-body-spray-yardley-london-women-original-imafy5vstd5puzmz.jpeg?q=70
1908,Yardley London,Yardley London Rose Deodorant Roll-on  -  For Women,50 ml,150,https://rukminim1.flixcart.com/image/280/280/jiw10280/deodorant/g/a/n/50-rose-anti-perspirant-deodorant-roll-on-yardley-london-women-original-imaf6hydss2fgny2.jpeg?q=70
1908,Yardley London,Yardley London Gold Deodorant Spray  -  For Men,150 ml,163,https://rukminim1.flixcart.com/image/280/280/joen7gw0/deodorant/p/w/f/150-gold-body-spray-yardley-london-men-original-imafavgn9azehjqx.jpeg?q=70
1908,Yardley London,Yardley London Elegance Deodorant Spray  -  For Men,150 ml,163,https://rukminim1.flixcart.com/image/280/280/jamtevk0/deodorant/d/g/u/150-elegance-body-spray-yardley-london-men-original-imafy5vskck5xxua.jpeg?q=70
