936,Closeup,Closeup Ever Fresh Toothpaste,150 g,84,https://rukminim1.flixcart.com/image/280/280/j9oiufk0/toothpaste/f/g/y/150-ever-fresh-closeup-original-imaez6hxg6utvzwh.jpeg?q=70
936,Closeup,Closeup Deep Action Lemon Mint Toothpaste,150 g,94,https://rukminim1.flixcart.com/image/280/280/j9it30w0/toothpaste/h/x/t/150-deep-action-lemon-mint-closeup-original-imaez6hxhgmz4y8u.jpeg?q=70
936,Closeup,Closeup Deep Action Eucalyptus Mint Toothpaste,150 g,94,https://rukminim1.flixcart.com/image/280/280/j9n3ekw0/toothpaste/q/x/g/150-deep-action-eucalyptus-mint-wave-closeup-original-imaez6hxfngzzdth.jpeg?q=70
936,Closeup,"Closeup Nature Boost Mouthwash - Cardamom, Tulsi",250 ml,123,//img1a.flixcart.com/www/linchpin/fk-cp-zion/img/placeholder_9951d0.svg
936,Closeup,Closeup Fresh Attraction Nature Rush Toothpaste,150 g,94,https://rukminim1.flixcart.com/image/280/280/jpbic280/toothpaste/z/t/a/150-fresh-attraction-nature-rush-gel-closeup-original-imafbhg46p3chhff.jpeg?q=70
936,Closeup,Closeup Fresh Attraction Nature Boost Toothpaste,150 g,94,https://rukminim1.flixcart.com/image/280/280/jqb8ccw0/toothpaste/j/h/v/150-fresh-attraction-nature-boost-gel-closeup-original-imafccssjuhkkzwr.jpeg?q=70
936,Closeup,Closeup Red Hot Mouthwash - Clove Oil,250 ml,123,https://rukminim1.flixcart.com/image/280/280/jtsz3bk0/mouthwash/3/t/7/250-red-hot-mouthwash-closeup-original-imafezqdsaqwvgaa.jpeg?q=70
936,Colgate,Colgate Strong Teeth Toothpaste,200 g,94,https://rukminim1.flixcart.com/image/280/280/toothpaste/r/j/2/colgate-150-dental-cream-toothpaste-original-imadbjzfbzz8xgh5.jpeg?q=70
936,Colgate,Colgate Sensitive Ultra Soft Toothbrush,Pack of 4,87,https://rukminim1.flixcart.com/image/280/280/ja2t8y80/toothbrush/p/p/r/toothbrush-sensitive-ultra-soft-4-colgate-original-imaezqzjga9f3srb.jpeg?q=70
936,Colgate,Colgate Maxfresh Blue Gel Toothpaste,150 g,91,https://rukminim1.flixcart.com/image/280/280/k0e66q80/toothpaste/3/4/5/150-maxfresh-blue-gel-colgate-original-imafk772wwcz5p2z.jpeg?q=70
936,Colgate,Colgate Cibaca Toothpaste,Toothbrush Free,54,https://rukminim1.flixcart.com/image/280/280/js0o9zk0/toothpaste/s/f/z/175-cibaca-colgate-original-imafdzmtemavhf4k.jpeg?q=70
936,Colgate,Colgate ZigZag Soft Toothbrush,Buy 2 Get 1 Free,56,https://rukminim1.flixcart.com/image/280/280/j3t1ocw0/toothbrush/3/x/a/zig-zag-multi-angle-cross-bristles-toothbrush-3-colgate-original-imaeuv98nynrhc4u.jpeg?q=70
936,Colgate,Colgate Charcoal Soft Toothbrush,Buy 2 Get 2 Free,135,https://rukminim1.flixcart.com/image/280/280/k687wy80/toothbrush/b/z/g/slim-soft-charcoal-toothbrush-4-colgate-soft-original-imafzqtdgfvttgrz.jpeg?q=70
936,Colgate,Colgate Active Salt Toothpaste,200 g,96,https://rukminim1.flixcart.com/image/280/280/jv9udu80/toothpaste/s/z/y/200-active-salt-colgate-original-imafg5c2hjtpff9y.jpeg?q=70
936,Colgate,Colgate Swarna Vedshakti Toothpaste,75g Santoor Soap Free,94,https://rukminim1.flixcart.com/image/280/280/ja73ki80/toothpaste/d/p/k/200-swarna-vedshakti-colgate-original-imaezu6rd9keuy8t.jpeg?q=70
936,Colgate,Colgate Sensitive with Clove Oil Toothpaste,80 g,113,https://rukminim1.flixcart.com/image/280/280/jkmwdjk0/toothpaste/j/g/4/80-sensitive-with-clove-oil-colgate-original-imaf7y3h4wmcgymx.jpeg?q=70
936,Colgate,Colgate Kids Spiderman Toothpaste,2 Min Timer Free,85,https://rukminim1.flixcart.com/image/280/280/toothpaste/t/v/g/colgate-80-kids-toothpaste-original-imadaqs7cvrfyhyt.jpeg?q=70
936,Colgate,Colgate Visible White Toothpaste,Rs 18 Savings Pack,171,https://rukminim1.flixcart.com/image/280/280/j3rm8i80/toothpaste/5/m/g/200-visible-white-saver-pack-colgate-original-imaeut7drdhpygwd.jpeg?q=70
936,Colgate,Colgate Charcoal Clean Toothpaste,2x120 g,162,https://rukminim1.flixcart.com/image/280/280/k9re3rk0/toothpaste/z/f/6/240-charcoal-clean-toothpaste-colgate-original-imafrhh9qk5vkarf.jpeg?q=70
936,Colgate,Colgate Maxfresh Red Gel Toothpaste,150 g,91,https://rukminim1.flixcart.com/image/280/280/j9d3bm80/toothpaste/u/n/6/150-max-fresh-red-gel-colgate-original-imaez3ccfqreshgf.jpeg?q=70
936,Colgate,Colgate Active Salt Neem Toothpaste,100 g,57,https://rukminim1.flixcart.com/image/280/280/j3rm8i80/toothpaste/z/v/x/100-active-salt-neem-colgate-original-imaeut7dvxc52mnn.jpeg?q=70
936,Colgate,Colgate Plax Mouthwash - Active Salt,250 ml,118,https://rukminim1.flixcart.com/image/280/280/jepzrm80/mouthwash/z/a/a/250-plax-mouthwash-colgate-original-imaf3chzf52vwnza.jpeg?q=70
936,Colgate,Colgate Total Advanced Health Toothpaste,120 g,96,https://rukminim1.flixcart.com/image/280/280/j3uh47k0/toothpaste/w/n/d/120-total-advance-health-colgate-original-imaeuwfpjuz8cux4.jpeg?q=70
936,Colgate,Colgate Waxed Dental Floss - 25 m,1 Units,74,https://rukminim1.flixcart.com/image/280/280/jepzrm80/dental-floss-stick/8/b/c/waxed-dental-floss-25-m-p1680130-waxed-floss-colgate-original-imaf3chynhf68pgx.jpeg?q=70
936,Colgate,Colgate Active Salt Healthy White Toothpaste,200 g,99,https://rukminim1.flixcart.com/image/280/280/j3uh47k0/toothpaste/4/n/y/200-active-salt-healthy-white-colgate-original-imaeuwfpjnzzpppm.jpeg?q=70
936,Colgate,Colgate Herbal Toothpaste,200 g,99,https://rukminim1.flixcart.com/image/280/280/toothpaste/f/a/4/colgate-200-herbal-toothpaste-original-imadaqs8dgjvkjnx.jpeg?q=70
936,Colgate,Colgate ZigZag Medium Toothbrush,Buy 2 Get 1 Free,57,https://rukminim1.flixcart.com/image/280/280/jepzrm80/toothbrush/x/3/f/zigzag-toothbrush-medium-3-colgate-original-imaf3cgyyhpybffb.jpeg?q=70
936,Colgate,Colgate Natural Strawberry Flavor for Kids Toothpaste,80 g,148,https://rukminim1.flixcart.com/image/280/280/k3erngw0/toothpaste/s/b/e/80-natural-strawberry-flavour-for-kids-colgate-original-imafmjdqrfftfhun.jpeg?q=70
936,Colgate,Colgate Plax Mouthwash - Fresh Mint,250 ml,118,https://rukminim1.flixcart.com/image/280/280/jm6mjrk0/mouthwash/m/v/t/250-plax-mouthwash-colgate-original-imaf95axmcukhnfj.jpeg?q=70
936,Colgate,Colgate Kids 2+ Extra Soft Toothbrush,Pack of 1,30,https://rukminim1.flixcart.com/image/280/280/jepzrm80/toothbrush/g/f/7/kids-2-toothbrush-extra-soft-1-colgate-original-imaf3cgy9pq3xadw.jpeg?q=70
936,Colgate,Colgate ZigZag Neem Medium Toothbrush,Pack of 4,98,https://rukminim1.flixcart.com/image/280/280/k5zn9u80/toothbrush/y/s/f/zigzag-neem-4-colgate-medium-original-imafzk4kgv6jdjhd.jpeg?q=70
936,Colgate,Colgate 360 Degree Whole Mouth Clean Medium Toothbrush,Buy 2 Get 2 Free,126,https://rukminim1.flixcart.com/image/280/280/k6ci8i80/toothbrush/r/v/d/360-degree-whole-mouth-clean-toothbrush-4-colgate-medium-original-imafzthnz6e9nsnt.jpeg?q=70
936,Colgate,Colgate Super Rakshak Toothpowder,200 g,74,https://rukminim1.flixcart.com/image/280/280/j3uh47k0/toothpaste/e/8/m/200-toothpowder-colgate-original-imaeuwfp6pgezdme.jpeg?q=70
936,Colgate,Colgate Total Charcoal Deep Clean Toothpaste,120 g,96,https://rukminim1.flixcart.com/image/280/280/jb2j98w0/toothpaste/u/k/c/120-total-charcoal-deep-clean-colgate-original-imafyg28azbtgazh.jpeg?q=70
936,Colgate,Colgate Sensitive Plus Toothpaste,70 g,118,https://rukminim1.flixcart.com/image/280/280/jgzfv680/toothpaste/h/z/f/70-sensitive-plus-colgate-original-imaf53rjssgfshxy.jpeg?q=70
936,Colgate,Colgate Kids Minions Toothpaste,2 Min Timer Free,85,https://rukminim1.flixcart.com/image/280/280/joen7gw0/toothpaste/y/q/z/80-kids-minions-colgate-original-imafavgnhasefa37.jpeg?q=70
936,Colgate,Colgate Sensitive Soft Toothbrush,Buy 2 Get 2 Free,108,https://rukminim1.flixcart.com/image/280/280/k6ci8i80/toothbrush/k/a/t/slim-soft-sensitive-toothbrush-4-colgate-soft-original-imafzthp32fhvzw3.jpeg?q=70
936,Colgate,Colgate Strong Teeth and Active Salt Toothpaste,100 g Extra in Pack,279,https://rukminim1.flixcart.com/image/280/280/jyhl1u80/toothpaste/3/8/f/600-strong-teeth-with-active-salt-colgate-original-imafgptkxbnz4mbq.jpeg?q=70
936,Colgate,Colgate Kids Minion Extra Soft Toothbrush,Pack of 1,71,https://rukminim1.flixcart.com/image/280/280/joen7gw0/toothbrush/w/k/w/kids-minion-1-colgate-extra-soft-original-imafavgnhyzhvpcn.jpeg?q=70
936,Colgate,Colgate Plax Mouthwash - Pepper Mint,250 ml,118,https://rukminim1.flixcart.com/image/280/280/j3t1ocw0/mouthwash/f/j/w/250-plax-mouthwash-colgate-original-imaeuv9vbckw2rem.jpeg?q=70
936,Colgate,Colgate Plax Mouthwash - Fresh Tea,250 ml,118,https://rukminim1.flixcart.com/image/280/280/j4ohd3k0/mouthwash/c/r/m/60-plax-mouthwash-colgate-original-imaeuv9vmefxtugm.jpeg?q=70
936,Colgate,Colgate Plax Complete Care Mouthwash,250 ml,128,https://rukminim1.flixcart.com/image/280/280/j3t1ocw0/mouthwash/h/9/h/250-plax-mouthwash-colgate-original-imaeuv9vycehuycx.jpeg?q=70
936,Colgate,Colgate Sensitive Toothpaste,40 g,63,https://rukminim1.flixcart.com/image/280/280/toothpaste/b/z/y/colgate-40-sensitive-toothpaste-original-imadaqs8fmxwdbf3.jpeg?q=70
936,Colgate,Colgate ZigZag Neem Soft Toothbrush,Pack of 4,98,https://rukminim1.flixcart.com/image/280/280/k5zn9u80/toothbrush/s/p/8/zigzag-neem-4-colgate-soft-original-imafzk4h9ufhsj7c.jpeg?q=70
936,Colgate,Colgate Plax Mouthwash - Gentle Care,250 ml,128,https://rukminim1.flixcart.com/image/280/280/j3xbzww0/mouthwash/a/s/g/250-plax-mouthwash-colgate-original-imaeuyy7pkpw5xyq.jpeg?q=70
936,Colgate,Colgate Natural Fruit Flavor for Kids Toothpaste,70 g,148,https://rukminim1.flixcart.com/image/280/280/k3erngw0/toothpaste/d/d/z/70-natural-fruit-flavour-for-kids-colgate-original-imafmjdqncamjct4.jpeg?q=70
936,Colgate,Colgate Neo Ultra Soft Toothbrush,Pack of 1,40,https://rukminim1.flixcart.com/image/280/280/ja8j0cw0/toothbrush/9/v/r/toothbrush-neo-1-colgate-original-imaezuyftrxbfr9y.jpeg?q=70
936,Colgate,Colgate Slim Tri Tip Soft Toothbrush,Buy 2 Get 1 Free,178,https://rukminim1.flixcart.com/image/280/280/j3t1ocw0/toothbrush/d/d/z/slim-soft-tri-tip-toothbrush-3-colgate-original-imaeuv98xv2yb2hz.jpeg?q=70
936,Colgate,Colgate 360 Degree Visible White Medium Toothbrush,Pack of 4,153,https://rukminim1.flixcart.com/image/280/280/k687wy80/toothbrush/v/g/q/360-visible-white-toothbrush-4-colgate-medium-original-imafzqtdnzu7ydap.jpeg?q=70
936,Colgate,Colgate Total Advanced Health and Active Salt Toothpaste,2x242.5 g,264,https://rukminim1.flixcart.com/image/280/280/jsoyrgw0/toothpaste/e/f/y/320-total-advanced-health-and-active-salt-colgate-original-imafe7jczhsgyygx.jpeg?q=70
936,Colgate,Colgate ZigZag Black Soft Toothbrush,5N Hygiene Caps Free,98,//img1a.flixcart.com/www/linchpin/fk-cp-zion/img/placeholder_9951d0.svg
936,Colgate,Colgate 360 Floss-Tip Medium Toothbrush,Pack of 1,85,https://rukminim1.flixcart.com/image/280/280/j3t1ocw0/toothbrush/x/y/h/360-flosstip-toothbrush-1-colgate-original-imaeuv98zbcmqygc.jpeg?q=70
936,Colgate,Colgate Slim Sensitive Ultra Soft Toothbrush,Buy 2 Get 1 Free,135,https://rukminim1.flixcart.com/image/280/280/j3t1ocw0/toothbrush/b/d/v/slim-soft-sensitive-toothbrush-3-colgate-original-imaeuv97dn7w5vhz.jpeg?q=70
936,Colgate,Colgate Kids Barbie Extra Soft Toothbrush,Pack of 1,71,https://rukminim1.flixcart.com/image/280/280/j3t1ocw0/toothbrush/c/x/f/kids-barbie-toothbrush-1-colgate-original-imaeuv98fq4cjk6s.jpeg?q=70
936,Colgate,Colgate 360 Floss-Tip Soft Toothbrush,Pack of 1,85,https://rukminim1.flixcart.com/image/280/280/j4eha4w0/toothbrush/g/f/t/360-flosstip-toothbrush-soft-1-colgate-original-imaevbnuatzquqyc.jpeg?q=70
936,Colgate,Colgate Slim Ultra Soft Toothbrush,Pack of 1,112,https://rukminim1.flixcart.com/image/280/280/j3t1ocw0/toothbrush/g/g/x/slim-soft-advanced-toothbrush-with-soft-bristles-1-colgate-original-imaeuv98gvvzvqty.jpeg?q=70
936,Colgate,Colgate 360 Visible White Medium Toothbrush,Pack of 1,72,https://rukminim1.flixcart.com/image/280/280/jepzrm80/toothbrush/h/g/m/360-visible-white-toothbrush-medium-1-colgate-original-imaf3cgyg8mym6x5.jpeg?q=70
936,Colgate,Colgate Natural Strawberry Mint Flavor for Kids Toothpaste,80 g,148,https://rukminim1.flixcart.com/image/280/280/k3erngw0/toothpaste/6/z/y/80-natural-strawberry-mint-flavour-for-kids-colgate-original-imafmjdqsmxf9djx.jpeg?q=70
936,Colgate,Colgate Kids Spiderman Battery Powered Extra Soft Toothbrush,Pack of 1,548,https://rukminim1.flixcart.com/image/280/280/jteoosw0/toothbrush/w/5/r/kids-spiderman-battery-powered-1-colgate-extra-soft-original-imaferuuqhdurtjx.jpeg?q=70
936,Colgate,Colgate 360 Charcoal Gold Soft Toothbrush,Pack of 1,85,https://rukminim1.flixcart.com/image/280/280/j4hc5u80/toothbrush/p/j/n/360-toothbrush-charcoal-gold-1-colgate-original-imaevdxfhus6dtwn.jpeg?q=70
936,Colgate,Colgate 360 Charcoal Battery Power (Multicolor) Soft Toothbrush,Pack of 1,597,https://rukminim1.flixcart.com/image/280/280/j3t1ocw0/toothbrush/r/a/d/360-charcoal-battery-power-toothbrush-multicolor-1-colgate-original-imaeuv98xhdtpvra.jpeg?q=70
936,Colgate,Colgate Kids Barbie Battery Powered (Multicolor) Extra Soft Toothbrush,Pack of 1,548,https://rukminim1.flixcart.com/image/280/280/jepzrm80/toothbrush/s/t/c/kids-barbie-battery-powered-toothbrush-multicolor-extra-soft-1-original-imaf3cgy9q6xqm4y.jpeg?q=70
936,Dabur,Dabur Red Toothpaste,200 g,94,https://rukminim1.flixcart.com/image/280/280/j3uh47k0/toothpaste/q/d/y/200-red-dabur-original-imaeuwfpyrvhsdcz.jpeg?q=70
936,Dabur,Dabur Meswak Complete Oral Care Toothpaste,200 g,95,https://rukminim1.flixcart.com/image/280/280/j9n3ekw0/toothpaste/c/q/f/200-meswak-dabur-original-imaez3ccqqvvzfhz.jpeg?q=70
936,Dabur,Dabur Red Gel Toothpaste,150 g,79,https://rukminim1.flixcart.com/image/280/280/jj7givk0/toothpaste/a/r/e/80-red-gel-dabur-original-imaf66y3zqtfdwpt.jpeg?q=70
936,Dabur,Dabur Lal Dant Manjan,300 g,108,//img1a.flixcart.com/www/linchpin/fk-cp-zion/img/placeholder_9951d0.svg
936,Himalaya,Himalaya Complete Care Toothpaste,Buy 3 Get 1 Free,138,https://rukminim1.flixcart.com/image/280/280/k8ddoy80/toothpaste/h/r/m/240-complete-care-himalaya-original-imafqebcnh4hu6gc.jpeg?q=70
936,Himalaya,Himalaya Sparkling White Toothpaste,150 g,85,https://rukminim1.flixcart.com/image/280/280/j3uh47k0/toothpaste/n/y/e/150-sparkling-white-himalaya-original-imaeuwfpjvhkrymx.jpeg?q=70
936,Himalaya,Himalaya Dental Cream Toothpaste,2x200 g,162,https://rukminim1.flixcart.com/image/280/280/jwjkh3k0/toothpaste/h/d/d/400-dental-cream-himalaya-original-imafh7fsp2hdfzvz.jpeg?q=70
936,Johnson's,Johnson's Baby Ultra Soft Toothbrush,Pack of 1,33,https://rukminim1.flixcart.com/image/280/280/jk4bngw0/toothbrush/h/y/x/baby-1-johnson-s-ultra-soft-original-imaf7jsyzyu6heq5.jpeg?q=70
936,Lever Ayush,Lever Ayush Anti Cavity Clove Oil Toothpaste,150 g,79,https://rukminim1.flixcart.com/image/280/280/j9pyaa80/toothpaste/e/j/t/150-anti-cavity-clove-oil-lever-ayush-original-imaezgajwngzsvyf.jpeg?q=70
936,Lever Ayush,Lever Ayush Whitening Rock Salt Toothpaste,150 g,79,https://rukminim1.flixcart.com/image/280/280/j9pyaa80/toothpaste/r/w/s/150-whitening-rock-salt-lever-ayush-original-imaezgh5hxdhhkyw.jpeg?q=70
936,Lever Ayush,Lever Ayush Freshness Gel Cardamom Toothpaste,150 g,79,https://rukminim1.flixcart.com/image/280/280/j9pyaa80/toothpaste/p/c/s/150-freshness-gel-cardamom-lever-ayush-original-imaezgkvddxczf8z.jpeg?q=70
936,Listerine,Listerine Mouthwash - Coolmint,250 ml,140,https://rukminim1.flixcart.com/image/280/280/jnm2efk0/mouthwash/n/z/d/250-mouthwash-listerine-original-imafa9hchvx68rmr.jpeg?q=70
936,Listerine,Listerine Cavity Fighter Mouthwash,250 ml,150,https://rukminim1.flixcart.com/image/280/280/k98tdow0/mouthwash/f/y/9/250-cavity-fighter-mouthwash-listerine-original-imafr2wzbu7fxntc.jpeg?q=70
936,Listerine,Listerine Original Mouthwash,250 ml,123,https://rukminim1.flixcart.com/image/280/280/jnm2efk0/mouthwash/k/m/p/250-mouthwash-listerine-original-imafa9hcke2w72sj.jpeg?q=70
936,Listerine,Listerine Mouthwash - Freshburst,250 ml,138,//img1a.flixcart.com/www/linchpin/fk-cp-zion/img/placeholder_9951d0.svg
936,Listerine,Listerine Mild Taste Mouthwash - Cool Mint,500 ml,242,https://rukminim1.flixcart.com/image/280/280/jpbic280/mouthwash/a/t/8/500-cool-mint-mild-taste-mouthwash-listerine-original-imafbh9cr5869z5j.jpeg?q=70
936,Oral-B,Oral-B Cavity Defense 123 Soft Toothbrush,Pack of 6,82,https://rukminim1.flixcart.com/image/280/280/jvwpfgw0/toothbrush/7/s/q/cavity-defense-123-6-oral-b-soft-original-imafgpvswdgntrru.jpeg?q=70
936,Oral-B,Oral-B Sensitive Whitening Soft Toothbrush,Buy 2 Get 2 Free,89,https://rukminim1.flixcart.com/image/280/280/jvwpfgw0/toothbrush/c/p/n/sensitive-whitening-4-oral-b-soft-original-imafgpvrya4xe3fh.jpeg?q=70
936,Oral-B,Oral-B Kids Soft Toothbrush,Pack of 1,50,https://rukminim1.flixcart.com/image/280/280/j4eha4w0/toothbrush/s/p/x/kids-soft-toothbrush-1-oral-b-original-imaevbnun6eqnt2m.jpeg?q=70
936,Oral-B,Oral-B Pro Health Gum Care Medium Toothbrush,Buy 2 Get 2 Free,136,https://rukminim1.flixcart.com/image/280/280/jvwpfgw0/toothbrush/2/5/r/pro-health-gum-care-4-oral-b-medium-original-imafgpvs5z9ubvjc.jpeg?q=70
936,Oral-B,Oral-B Pro Health Anti Plaque Medium Toothbrush,Buy 2 Get 2 Free,128,https://rukminim1.flixcart.com/image/280/280/jvy4vbk0/toothbrush/e/e/z/pro-health-base-manual-4-oral-b-medium-original-imafgqgwtfwncxhr.jpeg?q=70
936,Oral-B,Oral-B Pro Health Gum Care Soft Toothbrush,Buy 2 Get 2 Free,148,https://rukminim1.flixcart.com/image/280/280/jvwpfgw0/toothbrush/w/k/4/pro-health-gum-care-4-oral-b-soft-original-imafgpvrbgmgkwfm.jpeg?q=70
936,Oral-B,Oral-B with Neem Extract Soft Toothbrush,Buy 2 Get 1 Free,64,https://rukminim1.flixcart.com/image/280/280/jwqpocw0/toothbrush/w/k/8/1-2-3-with-neem-extract-3-oral-b-soft-original-imafhd92kxyp5g8q.jpeg?q=70
936,Oral-B,Oral-B Ultrathin Sensitive Extra Soft Toothbrush,Buy 2 Get 1 Free,118,https://rukminim1.flixcart.com/image/280/280/jjolt3k0/toothbrush/n/z/w/ultrathin-sensitive-3-oral-b-extra-soft-original-imaf77b89cez8nmn.jpeg?q=70
936,Oral-B,Oral-B Pro Health Smartflex Toothbrush,Pack of 1,123,https://rukminim1.flixcart.com/image/280/280/j3vwk280/toothbrush/w/n/2/pro-health-smartflex-toothbrush-1-oral-b-original-imaeuwzh6sxqzevr.jpeg?q=70
936,Oral-B,Oral-B Cavity Defense 123 Black Soft Toothbrush,Pack of 4,90,https://rukminim1.flixcart.com/image/280/280/jw2f6vk0/toothbrush/m/g/6/cavity-defense-123-black-4-oral-b-soft-original-imafgpgtxnyqykjz.jpeg?q=70
936,Oral-B,Oral-B Pro-Health Anti-Bacterial Soft Toothbrush,Buy 2 Get 1 Free,196,https://rukminim1.flixcart.com/image/280/280/j3t1ocw0/toothbrush/q/4/n/pro-health-anti-bacterial-bristle-protection-toothbrush-3-oral-b-original-imaeuv988gwhspp2.jpeg?q=70
936,Oral-B,Oral-B Pro-Health Sensitive Extra Soft Toothbrush,Buy 2 Get 1 Free,148,https://rukminim1.flixcart.com/image/280/280/jhgl5e80/toothbrush/4/4/z/pro-health-sensitive-toothbrush-soft-3-oral-b-original-imaf5h5hdvj7stgb.jpeg?q=70
936,Oral-B,Oral-B Pro-Health Soft Toothbrush,Buy 2 Get 1 Free,128,https://rukminim1.flixcart.com/image/280/280/jk76j680/toothbrush/t/w/y/pro-health-3-oral-b-soft-original-imaf7hsagvzqygym.jpeg?q=70
936,Oral-B,Oral-B Pro Health Crisscross with Neem Extract Soft Toothbrush,Buy 2 Get 2 Free,128,https://rukminim1.flixcart.com/image/280/280/jwfa5jk0/toothbrush/k/j/j/criss-cross-with-neem-extract-4-oral-b-soft-original-imafh4b7hwd6dh9u.jpeg?q=70
936,Oral-B,Oral-B Pro Health Anti Plaque Soft Toothbrush,Buy 2 Get 2 Free,128,https://rukminim1.flixcart.com/image/280/280/jvy4vbk0/toothbrush/h/j/h/pro-health-base-manual-4-oral-b-soft-original-imafgqgwcxfhkbuv.jpeg?q=70
936,Oral-B,Oral-B Ultrathin Sensitive Black Extra Soft Toothbrush,Buy 2 Get 1 Free,138,https://rukminim1.flixcart.com/image/280/280/jepzrm80/toothbrush/z/t/d/ultrathin-sensitive-black-toothbrush-extra-soft-3-oral-b-original-imaf3cgy6ajgpqdm.jpeg?q=70
936,Oral-B,Oral-B Ultrathin Sensitive Green Extra Soft Toothbrush,Buy 2 Get 1 Free,138,https://rukminim1.flixcart.com/image/280/280/j9n3ekw0/toothbrush/y/b/9/ultrathin-sensitive-green-toothbrush-extra-soft-3-oral-b-original-imaeysxwekxzy9wf.jpeg?q=70
936,Oral-B,Oral-B Pro Health Crisscross with Neem Extract Medium Toothbrush,Buy 2 Get 2 Free,128,https://rukminim1.flixcart.com/image/280/280/jwfa5jk0/toothbrush/w/j/e/criss-cross-with-neem-extract-4-oral-b-medium-original-imafh4b7qpe7xx4f.jpeg?q=70
936,Patanjali,Patanjali Dant Kanti Natural Toothpaste,200 g,80,https://rukminim1.flixcart.com/image/280/280/k91o6fk0/toothpaste/x/b/n/200-dant-kanti-natural-patanjali-original-imafqxhbfjzehvcq.jpeg?q=70
936,Patanjali,Patanjali Dant Kanti Advanced Toothpaste,100 g,90,https://rukminim1.flixcart.com/image/280/280/k91o6fk0/toothpaste/a/z/x/100-dant-kanti-advanced-patanjali-original-imafqxhbejqbhyqa.jpeg?q=70
936,Patanjali,Patanjali Dant Kanti Medicated Toothpaste,100 g,45,https://rukminim1.flixcart.com/image/280/280/jpinjbk0/toothpaste/q/u/z/100-dant-kanti-medicated-patanjali-original-imafbqwdxfhmzsmr.jpeg?q=70
936,Pepsodent,Pepsodent Germicheck Healthy Fresh Toothpaste,200 g,84,https://rukminim1.flixcart.com/image/280/280/j9n3ekw0/toothpaste/f/u/8/200-germicheck-healthy-fresh-pepsodent-original-imaez6hxphh8cnvx.jpeg?q=70
936,Pepsodent,Pepsodent Cavity Protection Toothpaste,2x150 g,116,https://rukminim1.flixcart.com/image/280/280/jri3jww0/toothpaste/p/5/x/300-germicheck-superior-pepsodent-original-imafda7kf677yhhf.jpeg?q=70
936,Pepsodent,Pepsodent Expert Protection Gum Care Toothpaste,140 g,98,https://rukminim1.flixcart.com/image/280/280/j9n3ekw0/toothpaste/b/b/k/140-expert-protection-gum-care-pepsodent-original-imaez6hxwjbfqnca.jpeg?q=70
936,Pepsodent,Pepsodent Clove & Salt Toothpaste,200 g,93,https://rukminim1.flixcart.com/image/280/280/j9n3ekw0/toothpaste/m/5/g/200-clove-salt-pepsodent-original-imaez6hxfndhcyb3.jpeg?q=70
936,Pepsodent,Pepsodent 2-in-1 Toothpaste,150 g,96,https://rukminim1.flixcart.com/image/280/280/j9n3ekw0/toothpaste/v/q/e/150-2-in-1-pepsodent-original-imaez6hwmrnnftnc.jpeg?q=70
936,Pepsodent,Pepsodent Germicheck Superior Toothpaste,25% Extra in Pack,51,https://rukminim1.flixcart.com/image/280/280/j3rm8i80/toothpaste/7/u/h/100-germicheck-pepsodent-original-imaeut7dfmbpmspd.jpeg?q=70
936,Pepsodent,Pepsodent Expert Protection Gum CarePlus Toothpaste,3x140 g,294,https://rukminim1.flixcart.com/image/280/280/jq6y0sw0/toothpaste/7/2/k/420-expert-protection-gum-careplus-pepsodent-original-imafc9bhzzqjs7ub.jpeg?q=70
936,Pepsodent,Pepsodent Cavity Protection 2 in 1 Toothpaste,3x150 g,282,https://rukminim1.flixcart.com/image/280/280/jq6y0sw0/toothpaste/w/7/4/450-cavity-protection-2-in-1-pepsodent-original-imafc9bhbgta39jp.jpeg?q=70
936,Pepsodent,Pepsodent Expert Protection Whitening Toothpaste,140 g,112,https://rukminim1.flixcart.com/image/280/280/j9oiufk0/toothpaste/7/f/h/140-expert-protection-whitening-pepsodent-original-imaezfhkc8v44z9j.jpeg?q=70
936,Pepsodent,Pepsodent Expert Protection Complete Toothpaste,Rs 25 Savings Pack,203,https://rukminim1.flixcart.com/image/280/280/jepzrm80/toothpaste/9/n/c/280-expert-protection-complete-pepsodent-original-imaf3cgyx3zh8h3s.jpeg?q=70
936,Pepsodent,Pepsodent Silver Charcoal Anti Bacterial Soft Toothbrush,Buy 2 Get 1 Free,130,https://rukminim1.flixcart.com/image/280/280/jvsf3ww0/toothbrush/8/w/g/silver-charcoal-anti-bacterial-2-pepsodent-soft-original-imafggyrczrdtz8e.jpeg?q=70
936,Pepsodent,Pepsodent Bamboo Salt Gumcare Soft Toothbrush,Pack of 2,99,https://rukminim1.flixcart.com/image/280/280/jvv9zm80/toothbrush/g/a/e/bamboo-salt-gumcare-2-pepsodent-soft-original-imafggyruhwjgm6z.jpeg?q=70
936,Sensodyne,Sensodyne Rapid Relief Toothpaste,Buy 2 or more units save 10%,158,https://rukminim1.flixcart.com/image/280/280/j3rm8i80/toothpaste/3/p/a/80-sensitive-rapid-relief-sensodyne-original-imaeut7d623cmhsq.jpeg?q=70
936,Sensodyne,Sensodyne Repair & Protect Toothpaste,100 g,208,https://rukminim1.flixcart.com/image/280/280/j3rm8i80/toothpaste/u/e/e/100-sensitive-repair-protect-sensodyne-original-imaeut7dsdvhysfh.jpeg?q=70
936,Sensodyne,Sensodyne Fresh Mint Toothpaste,20 g Extra in Pack,188,https://rukminim1.flixcart.com/image/280/280/jjg15zk0/toothpaste/z/a/x/130-fresh-mint-sensodyne-original-imaf7ytvqffsr4k3.jpeg?q=70
936,Sensodyne,Sensodyne Deep Clean Extra Soft Toothbrush,Pack of 1,69,https://rukminim1.flixcart.com/image/280/280/jxkpx8w0/toothbrush/g/y/f/deep-clean-1-sensodyne-extra-soft-original-imafgyyfhzktqzb2.jpeg?q=70
936,Sensodyne,Sensodyne Fresh Gel Toothpaste,130 g,188,https://rukminim1.flixcart.com/image/280/280/j3rm8i80/toothpaste/9/a/x/130-sensitive-fresh-gel-sensodyne-original-imaeut7ddb6zgqfg.jpeg?q=70
936,Sensodyne,Sensodyne Herbal Multi Care Toothpaste,Buy 2 or more units save 10%,118,https://rukminim1.flixcart.com/image/280/280/jrgo4280/toothpaste/m/r/h/70-herbal-multi-care-sensodyne-original-imafd9awcprpk7he.jpeg?q=70
936,Sensodyne,Sensodyne Deep Clean Toothpaste,Buy 2 or more units save 10%,118,https://rukminim1.flixcart.com/image/280/280/k0o69ow0/toothpaste/v/t/h/70-sensitive-deep-clean-sensodyne-original-imafke7bzfzbhrhe.jpeg?q=70
936,Sensodyne,Sensodyne Sensitive Soft Toothbrush,Pack of 1,50,https://rukminim1.flixcart.com/image/280/280/jd4u5jk0/toothbrush/s/a/k/sensitive-toothbrush-1-sensodyne-original-imaf23zqzwaxctr7.jpeg?q=70
936,Sensodyne,Sensodyne Sensitive Expert Soft Toothbrush,Pack of 1,99,https://rukminim1.flixcart.com/image/280/280/jb2j98w0/toothbrush/3/w/g/sensitive-expert-toothbrush-1-sensodyne-original-imafygf3tuctcvpy.jpeg?q=70
936,Sensodyne,Sensodyne Whitening Toothpaste,Buy 2 or more units save 10%,123,https://rukminim1.flixcart.com/image/280/280/jepzrm80/toothpaste/h/3/f/70-whitening-sensodyne-original-imaf3cgyvvr9fdmy.jpeg?q=70
