1048,Enfamil,Enfamil A Plus Stage 3 Follow-up Formula,400 g,715,https://rukminim1.flixcart.com/image/280/280/k2z1t3k0/infant-formula/9/b/m/400-a-plus-stage-3-follow-up-formula-enfamil-original-imafjrf9hfu4qzyp.jpeg?q=70
1048,Enfamil,Enfamil A Plus Stage 1 Infant Formula,400 g,715,https://rukminim1.flixcart.com/image/280/280/k2z1t3k0/infant-formula/g/g/g/400-a-plus-stage-1-infant-formula-enfamil-original-imafjrfaugjhmjz6.jpeg?q=70
1048,Enfamil,Enfamil A Plus Follow-up Formula Stage 2,400 g,715,https://rukminim1.flixcart.com/image/280/280/k2z1t3k0/infant-formula/b/v/a/400-a-plus-follow-up-formula-stage-2-enfamil-original-imafjrfanutt4tp4.jpeg?q=70
1048,Nestle Ceregrow,Nestle Ceregrow Multi Grain Cereal with Milk & Fruits Cereal,300 g,272,https://rukminim1.flixcart.com/image/280/280/k8ro3gw0/baby-cereal/a/h/w/300-multi-grain-cereal-with-milk-fruits-nestle-ceregrow-original-imafqpjqrz6nb6qr.jpeg?q=70
1048,Nestle Cerelac,Nestle Cerelac 5 Grains & Fruits Cereal,300 g,267,https://rukminim1.flixcart.com/image/280/280/k8t3jbk0/baby-cereal/k/4/x/300-5-grains-fruits-nestle-cerelac-original-imafqqqggmhhwwn5.jpeg?q=70
1048,Nestle Cerelac,Nestle Cerelac Wheat Orange Cereal,300 g,231,https://rukminim1.flixcart.com/image/280/280/k8t3jbk0/baby-cereal/y/y/v/300-wheat-orange-nestle-cerelac-original-imafqqqgrdxaahte.jpeg?q=70
1048,Nestle Cerelac,Nestle Cerelac Wheat Cereal,300 g,180,https://rukminim1.flixcart.com/image/280/280/k8t3jbk0/baby-cereal/d/k/f/300-wheat-nestle-cerelac-original-imafqqqgqufpheht.jpeg?q=70
1048,Nestle Cerelac,Nestle Cerelac Wheat Apple Carrot Cereal,300 g,195,https://rukminim1.flixcart.com/image/280/280/k8t3jbk0/baby-cereal/y/b/2/300-wheat-apple-carrot-nestle-cerelac-original-imafqqqggyxcbusf.jpeg?q=70
1048,Nestle Cerelac,Nestle Cerelac Rice Vegetables Cereal,300 g,235,https://rukminim1.flixcart.com/image/280/280/k8t3jbk0/baby-cereal/n/8/z/300-rice-vegetables-nestle-cerelac-original-imafqqqgzgq5eyhh.jpeg?q=70
1048,Nestle Cerelac,Nestle Cerelac Rice Cereal,300 g,182,https://rukminim1.flixcart.com/image/280/280/k8t3jbk0/baby-cereal/y/g/h/300-rice-nestle-cerelac-original-imafqqqgha5fgdbh.jpeg?q=70
1048,Nestle Cerelac,Nestle Cerelac Organic Selection Wheat Mixed Fruit Cereal,200 g,330,https://rukminim1.flixcart.com/image/280/280/jvmpci80/baby-cereal/a/z/s/200-cerelac-wheat-mixed-fruit-200g-bib-pack-nestle-original-imafghuzbbs6absh.jpeg?q=70
1048,Nestle Cerelac,Nestle Cerelac Organic Selection Wheat and Milk Cereal,200 g,300,https://rukminim1.flixcart.com/image/280/280/jvmpci80/baby-cereal/g/p/b/200-cerelac-wheat-200g-bib-pack-nestle-original-imafghuz6g5xh43z.jpeg?q=70
1048,Nestle Lactogen,Nestle Lactogen Follow-up-Formula (Stage 3),400 g,300,https://rukminim1.flixcart.com/image/280/280/k8ro3gw0/infant-formula/d/g/c/400-follow-up-formula-stage-3-nestle-lactogen-original-imafqpjqtertzhyt.jpeg?q=70
1048,Nestle Lactogen,Nestle Lactogen Follow-up-Formula (Stage 4),400 g,295,https://rukminim1.flixcart.com/image/280/280/k8ro3gw0/infant-formula/z/v/d/400-follow-up-formula-stage-4-nestle-lactogen-original-imafqpjqqyhcvfba.jpeg?q=70
1048,Nestle Lactogen,Nestle Lactogen Infant Formula (Stage 1),400 g,325,https://rukminim1.flixcart.com/image/280/280/k8ro3gw0/infant-formula/r/c/a/400-infant-formula-stage-1-nestle-lactogen-original-imafqpjq6ybxhhjb.jpeg?q=70
1048,Nestle Lactogen,Nestle Lactogen Follow-up-Formula (Stage 2),400 g,315,https://rukminim1.flixcart.com/image/280/280/k8ro3gw0/infant-formula/x/z/u/400-follow-up-formula-stage-2-nestle-lactogen-original-imafqpjqsxhh5rh4.jpeg?q=70
1048,Nestle Lactogen,Nestle Lactogen Infant Formula Powder (Stage 1) Tin,400 g,330,https://rukminim1.flixcart.com/image/280/280/jxw5g280/infant-formula/r/u/7/400-infant-formula-powder-stage-1-tin-nestle-lactogen-original-imafg974zzydhfzg.jpeg?q=70
1048,Nestle Lactogen,Nestle Lactogen Follow-up Formula (Stage 2) Tin,400 g,318,https://rukminim1.flixcart.com/image/280/280/jqgy3rk0/infant-formula/r/a/5/400-follow-up-formula-stage-2-tin-nestle-lactogen-original-imafcgnjfuz5mczs.jpeg?q=70
1048,Nestle Nan Excella Pro,Nestle Nan Excella Pro Infant Formula Powder (Stage 1),400 g,730,https://rukminim1.flixcart.com/image/280/280/k4ss2a80/infant-formula/r/3/j/400-infant-formula-powder-upto-6-months-stage-1-nestle-nan-original-imafnm9nchgpm4jy.jpeg?q=70
1048,Nestle Nan Excella Pro,Nestle Nan Excella Pro Follow-up Formula Powder (Stage 2),400 g,720,https://rukminim1.flixcart.com/image/280/280/juyev0w0/infant-formula/x/y/d/400-follow-up-formula-powder-stage-2-nestle-nan-excella-pro-original-imafcvnftks4dgcj.jpeg?q=70
1048,Nestle Nan Pro,Nestle Nan Pro Infant Formula (Stage 1),400 g,595,https://rukminim1.flixcart.com/image/280/280/k8ro3gw0/infant-formula/m/z/6/400-infant-formula-stage-1-nestle-nan-pro-original-imafqpjrhtzkb9hz.jpeg?q=70
1048,Nestle Nan Pro,Nestle Nan Pro Follow-up-Formula (Stage 4),400 g,575,https://rukminim1.flixcart.com/image/280/280/k8ro3gw0/infant-formula/s/n/z/400-follow-up-formula-stage-4-nestle-nan-pro-original-imafqpjqcyjuzskf.jpeg?q=70
1048,Nestle Nan Pro 1,Nestle Nan Pro 1 Infant Formula Powder,400 g,599,https://rukminim1.flixcart.com/image/280/280/k8ro3gw0/infant-formula/q/s/j/400-infant-formula-powder-nestle-nan-pro-1-original-imafqpjr9nskdbhw.jpeg?q=70
1048,Nestle Nan Pro 2,Nestle Nan Pro 2 Follow-up Formula Powder Stage 2,400 g,590,https://rukminim1.flixcart.com/image/280/280/k8ro3gw0/infant-formula/u/a/j/400-follow-up-formula-powder-stage-2-nestle-nan-pro-2-original-imafqpjrfr7zhgjh.jpeg?q=70
1048,Nestle Nestum,Nestle Nestum Rice Fruits Cereal,300 g,177,https://rukminim1.flixcart.com/image/280/280/juyev0w0/baby-cereal/e/g/d/300-rice-fruits-stage-3-nestle-nestum-original-imafcvnfgaw8fz3e.jpeg?q=70
1048,Nestle Nestum,Nestle Nestum Rice (Stage 1) Cereal,300 g,140,https://rukminim1.flixcart.com/image/280/280/jvcp9jk0/baby-cereal/t/p/k/300-rice-stage-1-nestle-nestum-original-imafcvnf2yvshtfq.jpeg?q=70
1048,Similac,Similac Advance Follow-Up Formula (Stage 2),400 g,560,https://rukminim1.flixcart.com/image/280/280/jpsnma80/infant-formula/m/u/m/400-advance-follow-up-formula-stage-2-similac-original-imafbyjs3feg9ffz.jpeg?q=70
1048,Similac,Similac IQ Plus Follow-up Formula (Stage 2),400 g,680,https://rukminim1.flixcart.com/image/280/280/jpsnma80/infant-formula/f/q/j/400-iq-plus-follow-up-formula-stage-2-similac-original-imafbyjs96yfsefc.jpeg?q=70
1048,Similac,Similac Advance Follow-up Formula (Stage 3),400 g,550,https://rukminim1.flixcart.com/image/280/280/jpsnma80/infant-formula/h/v/h/400-advance-follow-up-formula-stage-3-similac-original-imafbyjsecnvbhdk.jpeg?q=70
1048,Similac,Similac Follow-up Formula (Stage 2),400 g,360,https://rukminim1.flixcart.com/image/280/280/jpsnma80/infant-formula/s/p/5/400-follow-up-formula-stage-2-similac-original-imafbyjsav6khpmw.jpeg?q=70
1048,Similac,Similac IQ Plus Infant Formula (Stage 1),400 g,650,https://rukminim1.flixcart.com/image/280/280/jpsnma80/infant-formula/t/2/v/400-iq-plus-infant-formula-stage-1-similac-original-imafbyjs6zarxzsc.jpeg?q=70
1048,Similac,Similac Advance Infant Formula (Stage 1),400 g,550,https://rukminim1.flixcart.com/image/280/280/jpsnma80/infant-formula/a/7/h/400-advance-infant-formula-stage-1-similac-original-imafbyjsmyhnnbkf.jpeg?q=70
1048,Similac,Similac Infant Formula (Stage 1),400 g,380,https://rukminim1.flixcart.com/image/280/280/jfh54sw0/infant-formula/y/m/h/400-infant-formula-stage-1-similac-original-imaf3xzgwetmquvq.jpeg?q=70
1048,Timios,Timios Belligo Probiotics Bites Cereal,12 g,22,https://rukminim1.flixcart.com/image/280/280/k9re3rk0/baby-cereal/s/t/r/12-belligo-probiotics-bites-timios-original-imafrhhehbzr4efe.jpeg?q=70
1048,Timios,Timios Belligo Cereal,60 g,100,https://rukminim1.flixcart.com/image/280/280/k9u8zgw0/baby-cereal/h/v/b/60-belligo-probiotics-bites-timios-original-imafrjhhuhahdpa6.jpeg?q=70
