870,Britannia,Britannia Good Day Butter Cookies,120 g,20,https://rukminim1.flixcart.com/image/280/280/k9u8zgw0/cookie-biscuit/b/t/y/150-good-day-butter-cookies-britannia-original-imafrgxfzbsczhfh.jpeg?q=70
870,Britannia,Britannia Marie Gold Biscuits,250 g,30,https://rukminim1.flixcart.com/image/280/280/k8j3gcw0/cookie-biscuit/y/v/2/250-marie-gold-biscuits-britannia-original-imafqgw8hkzueezs.jpeg?q=70
870,Britannia,Britannia Premium Sooji Rusk,273 g,40,https://rukminim1.flixcart.com/image/280/280/k8j3gcw0/rusk/f/s/8/273-premium-sooji-rusk-britannia-original-imafqgw94jy2jqnx.jpeg?q=70
870,Britannia,Britannia Little Hearts,Buy 3 or more units save 10%,20,https://rukminim1.flixcart.com/image/280/280/k9d3p8w0/cookie-biscuit/y/5/f/75-little-hearts-britannia-original-imafr6bhu26ypnhc.jpeg?q=70
870,Britannia,Britannia Nutri Choice Digestive Biscuits,250 g,54,https://rukminim1.flixcart.com/image/280/280/k8j3gcw0/cookie-biscuit/9/h/s/250-nutri-choice-digestive-biscuits-britannia-original-imafqgw8umjahtqn.jpeg?q=70
870,Britannia,Britannia Good Day Cashew Cookies,200 g,35,https://rukminim1.flixcart.com/image/280/280/k9a8tjk0/cookie-biscuit/u/s/r/200-good-day-cashew-cookies-britannia-original-imafr44t4guxg9v7.jpeg?q=70
870,Britannia,Britannia Treat Jim Jam,150 g,35,https://rukminim1.flixcart.com/image/280/280/k8j3gcw0/cookie-biscuit/e/t/g/150-treat-jim-jam-britannia-original-imafqgw8mhyxgmy3.jpeg?q=70
870,Britannia,Britannia Nutri Choice Crackers,300 g,45,https://rukminim1.flixcart.com/image/280/280/k9a8tjk0/cookie-biscuit/t/t/z/300-nutri-choice-crackers-britannia-original-imafr44tk2juzypf.jpeg?q=70
870,Britannia,Britannia Bourbon Sandwich Biscuits,150 g,30,https://rukminim1.flixcart.com/image/280/280/k8j3gcw0/cookie-biscuit/x/n/z/150-bourbon-sandwich-biscuits-britannia-original-imafqgw9zz4h9ezd.jpeg?q=70
870,Britannia,Britannia Vita Marie Gold Biscuit,150 g,20,https://rukminim1.flixcart.com/image/280/280/k8j3gcw0/cookie-biscuit/t/p/u/150-vita-marie-gold-biscuit-britannia-original-imafqgw9znjmfj8g.jpeg?q=70
870,Britannia,Britannia Milk Bikis Sandwich Biscuits,200 g,40,https://rukminim1.flixcart.com/image/280/280/k9a8tjk0/cookie-biscuit/t/q/k/200-milk-bikis-sandwich-biscuits-britannia-original-imafr44tnvky8pbe.jpeg?q=70
870,Britannia,Britannia Nice Time Coconut Biscuits,150 g,25,https://rukminim1.flixcart.com/image/280/280/k8j3gcw0/cookie-biscuit/a/k/q/150-nice-time-coconut-biscuits-britannia-original-imafqgw9bjgzxzkh.jpeg?q=70
870,Britannia,Britannia Milk Bikis Biscuits,200 g,20,https://rukminim1.flixcart.com/image/280/280/k8j3gcw0/cookie-biscuit/n/g/m/200-milk-bikis-biscuits-britannia-original-imafqgw9vqpmys5j.jpeg?q=70
870,Britannia,Britannia 50-50 Maska Chaska,120 g,30,https://rukminim1.flixcart.com/image/280/280/k9a8tjk0/cookie-biscuit/5/b/c/120-50-50-maska-chaska-britannia-original-imafr44tphvekhxz.jpeg?q=70
870,Britannia,Britannia Little Hearts Classic Biscuits,34.5 g,10,https://rukminim1.flixcart.com/image/280/280/k8j3gcw0/cookie-biscuit/k/8/g/34-5-little-hearts-classic-biscuits-britannia-original-imafqgw9ngqaq69q.jpeg?q=70
870,Britannia,Britannia Pure Magic Chocolush,75 g,30,https://rukminim1.flixcart.com/image/280/280/k9d3p8w0/cookie-biscuit/4/k/y/75-pure-magic-chocolush-britannia-original-imafr6bhtrf4bufq.jpeg?q=70
870,Britannia,Britannia Good Day Choco Chip Cookies,100 g,30,https://rukminim1.flixcart.com/image/280/280/jqpiqvk0/cookie-biscuit/g/z/u/100-good-day-choco-chip-cookies-britannia-original-imafcz2yrgahu7vy.jpeg?q=70
870,Britannia,Britannia Treat Burst Choco Creme Fills,120 g,30,https://rukminim1.flixcart.com/image/280/280/k8j3gcw0/cookie-biscuit/a/r/v/120-treat-burst-choco-creme-fills-britannia-original-imafqgw93atzmhas.jpeg?q=70
870,Britannia,Britannia Premium Bake Cake Rusk,200 g,30,https://rukminim1.flixcart.com/image/280/280/k8j3gcw0/rusk/u/y/r/200-premium-bake-cake-rusk-britannia-original-imafqgw9snpgfgff.jpeg?q=70
870,Cadbury,Cadbury Chocobakes Choc Filled Cookies,150 g,59,https://rukminim1.flixcart.com/image/280/280/k5bcscw0/cookie-biscuit/v/f/k/150-chocobakes-choco-filled-cookies-cadbury-original-imafzf3zhwmwyt9v.jpeg?q=70
870,Cadbury Bournvita,Cadbury Bournvita Banana and Oats Biscuits,120 g,25,https://rukminim1.flixcart.com/image/280/280/k9stjm80/cookie-biscuit/h/a/k/120-banana-and-oats-biscuits-cadbury-bournvita-original-imafrgdczgxtyhyp.jpeg?q=70
870,Cadbury Bournvita,Cadbury Bournvita Biscuits,250 g,59,https://rukminim1.flixcart.com/image/280/280/k84t1u80/cookie-biscuit/g/p/h/250-biscuits-cadbury-bournvita-original-imafq7u8gnzbc6sh.jpeg?q=70
870,Dukes,Dukes Bourbon,150 g,18,https://rukminim1.flixcart.com/image/280/280/jic0u4w0/cookie-biscuit/y/d/y/150-bourbon-dukes-original-imaf65nqzvkfp7ee.jpeg?q=70
870,Dukes,Dukes Cheesy Nibbles,150 g,37,https://rukminim1.flixcart.com/image/280/280/jhavdzk0/cookie-biscuit/3/h/e/200-cheesy-nibbles-dukes-original-imaf5cjuzxgvjsgn.jpeg?q=70
870,Dukes,Dukes Digestive Biscuits,Buy 2 Get 1 Free,40,https://rukminim1.flixcart.com/image/280/280/jsj90280/cookie-biscuit/t/h/n/200-digestive-combo-dukes-original-imafe3e7ahvgdmrj.jpeg?q=70
870,Dukes,Dukes Waffy Choco Wafer Rolls,250 g,80,https://rukminim1.flixcart.com/image/280/280/jic0u4w0/wafer-waffle/u/8/9/250-choco-wafer-rolls-dukes-original-imaf65nq96nhgrzk.jpeg?q=70
870,Dukes,Dukes Masala Nibbles,150 g,37,https://rukminim1.flixcart.com/image/280/280/jq4353k0/cookie-biscuit/r/y/v/150-masala-nibbles-dukes-original-imafc7agmubsystd.jpeg?q=70
870,Dukes,Dukes Salted Nibbles,150 g,37,https://rukminim1.flixcart.com/image/280/280/jq4353k0/cookie-biscuit/b/g/a/150-salted-nibbles-dukes-original-imafc7ahnrypgh98.jpeg?q=70
870,Dukes,Dukes Waffy Vanilla Wafers,2x75 g,50,https://rukminim1.flixcart.com/image/280/280/k4n2avk0/wafer-waffle/u/n/z/150-waffy-vanilla-wafers-wafers-dukes-original-imafngfqayzv3hsd.jpeg?q=70
870,Dukes,Dukes Creme 4 Fun Pineapple Flavoured Sandwich Biscuits,25% Extra in Pack,18,https://rukminim1.flixcart.com/image/280/280/jic0u4w0/cookie-biscuit/c/t/g/150-creme-4-fun-pineapple-flavour-biscuits-dukes-original-imaf65nqqnz9y5yg.jpeg?q=70
870,Dukes,Dukes Waffy Kulfi Flavoured Wafer Rolls,250 g,80,https://rukminim1.flixcart.com/image/280/280/jic0u4w0/wafer-waffle/z/k/h/250-kulfi-flavour-wafer-rolls-dukes-original-imaf65nphngyy9rh.jpeg?q=70
870,Dukes,Dukes Sour Cream & Onion Nibbles,150 g,37,https://rukminim1.flixcart.com/image/280/280/jhavdzk0/cookie-biscuit/g/c/n/200-sour-cream-onion-nibbles-dukes-original-imaf5cjuhuzuhgyz.jpeg?q=70
870,Dukes,Dukes Waffy Orange Wafers,2x75 g,50,https://rukminim1.flixcart.com/image/280/280/k4n2avk0/wafer-waffle/h/3/j/150-waffy-orange-wafers-wafers-dukes-original-imafngfgg8myhcha.jpeg?q=70
870,Dukes,Dukes Waffy Strawberry Wafers,2x75 g,50,https://rukminim1.flixcart.com/image/280/280/k4n2avk0/wafer-waffle/c/k/w/150-waffy-strawberry-wafers-wafers-dukes-original-imafngfq3zhnahj6.jpeg?q=70
870,Dukes,Dukes Waffy Strawberry Wafer Rolls,300 g,125,https://rukminim1.flixcart.com/image/280/280/j3nbwy80/wafer-waffle/u/z/y/300-waffy-rolls-strawberry-wafer-rolls-dukes-original-imaeuqazauzwpm6x.jpeg?q=70
870,Dukes,Dukes Waffy Chocolate Wafers,2x75 g,50,https://rukminim1.flixcart.com/image/280/280/k4n2avk0/wafer-waffle/q/z/r/150-waffy-chocolate-wafers-wafers-dukes-original-imafngfgqfmseyzd.jpeg?q=70
870,Dukes,Dukes Nice,150 g,25,https://rukminim1.flixcart.com/image/280/280/jic0u4w0/cookie-biscuit/m/j/f/150-nice-coconut-biscuits-dukes-original-imaf65nqjx2ntmhw.jpeg?q=70
870,Dukes,Dukes Waffy Assorted Wafers,450 g,128,https://rukminim1.flixcart.com/image/280/280/jsxjekw0/wafer-waffle/z/6/q/450-waffy-vanilla-wafers-dukes-original-imafeehhjhvrr5jv.jpeg?q=70
870,Dukes,Dukes Creme 4 Fun Orange Flavoured Sandwich Biscuits,25% Extra in Pack,18,https://rukminim1.flixcart.com/image/280/280/k7ksvww0/cookie-biscuit/4/h/b/120-creme-4-fun-orange-flavoured-sandwich-biscuits-dukes-original-imafps3e8mqbya5f.jpeg?q=70
870,Dukes,Dukes Ranch Nibbles,150 g,37,https://rukminim1.flixcart.com/image/280/280/jhavdzk0/cookie-biscuit/6/x/8/200-ranch-nibbles-dukes-original-imaf5cjuvh4z9rr9.jpeg?q=70
870,Dukes,Dukes Utsav Danish Butter Cookies,400 g,155,https://rukminim1.flixcart.com/image/280/280/j3nbwy80/cookie-biscuit/g/e/q/400-premium-danish-butter-cookies-dukes-original-imaeupg6szfuw3ba.jpeg?q=70
870,Dukes,Dukes Jeera Nibbles,150 g,37,https://rukminim1.flixcart.com/image/280/280/jic0u4w0/cookie-biscuit/b/2/p/150-jeera-nibbles-dukes-original-imaf65nqwhutbyve.jpeg?q=70
870,Dukes,Dukes Waffy Pineapple Wafers,2x75 g,89,https://rukminim1.flixcart.com/image/280/280/k9itgnk0/wafer-waffle/n/v/h/150-waffy-pineapple-wafers-wafers-dukes-original-imafravvyv4zaetj.jpeg?q=70
870,Go Choco,Go Choco Wafer Rolls,420 g,120,https://rukminim1.flixcart.com/image/280/280/k0vbgy80/wafer-waffle/5/x/8/420-rollz-wafer-rolls-go-choco-original-imafkkpcgzgvxbqq.jpeg?q=70
870,Go Choco,Go Choco Wheelz,600 g,120,https://rukminim1.flixcart.com/image/280/280/k0vbgy80/cookie-biscuit/e/x/k/480-wheelz-go-choco-original-imafkkpds8ufmgfh.jpeg?q=70
870,Gone Mad,Gone Mad Gery Sugar Cheese Crackers,110 g,59,https://rukminim1.flixcart.com/image/280/280/jvtujrk0/cookie-biscuit/f/y/v/110-gery-sugar-cheese-crackers-gone-mad-original-imafggnvnxjdyrth.jpeg?q=70
870,Gone Mad,Gone Mad Choco Wafer Rolls,288 g,118,https://rukminim1.flixcart.com/image/280/280/jvpk87k0/wafer-waffle/h/g/y/288-choco-wafer-rolls-gone-mad-original-imafgkeafcnyyeh3.jpeg?q=70
870,Gone Mad,Gone Mad Gang of 5 Premium Coffee Wafer Rolls,100 g,50,https://rukminim1.flixcart.com/image/280/280/jvqzo280/wafer-waffle/z/s/p/100-gang-of-5-premium-coffee-wafer-rolls-gone-mad-original-imafgkgvzf6nep9k.jpeg?q=70
870,Gone Mad,Gone Mad Gang of 5 Premium Dark Choco Wafer Rolls,100 g,50,https://rukminim1.flixcart.com/image/280/280/jvqzo280/wafer-waffle/a/7/f/100-gang-of-5-premium-dark-choco-wafer-rolls-gone-mad-original-imafgkzyfucefzh8.jpeg?q=70
870,Lotte,Lotte Chocopie,168 g,69,https://rukminim1.flixcart.com/image/280/280/j4sronk0/cookie-biscuit/e/g/e/168-chocopie-cream-sandwich-lotte-original-imaevmzve85kupbx.jpeg?q=70
870,McVitie's,McVitie's Fruit Cookies,"Combo Pack 2 + 2 Free, 75 g each",69,https://rukminim1.flixcart.com/image/280/280/jz4g3gw0/cookie-biscuit/5/q/h/150-fruit-mcvitie-s-original-imafj7dphdvz5qyv.jpeg?q=70
870,McVitie's,McVitie's Assorted Butter Cookies,400 g,348,https://rukminim1.flixcart.com/image/280/280/jj6130w0/cookie-biscuit/c/9/a/500-assorted-butter-cookies-mcvitie-s-original-imaf6svuw8uggkyt.jpeg?q=70
870,McVities,McVities Marie Biscuits,250 g,30,https://rukminim1.flixcart.com/image/280/280/k7c88sw0/cookie-biscuit/h/z/z/250-marie-biscuits-mcvities-original-imafphh7apqrvyz8.jpeg?q=70
870,McVities,McVities Wholewheat Marie Biscuits,200 g,35,https://rukminim1.flixcart.com/image/280/280/k7c88sw0/cookie-biscuit/k/6/f/200-wholewheat-marie-biscuits-mcvities-original-imafphh9k7vykcuz.jpeg?q=70
870,McVities,McVities Digestive Biscuits,250 g,50,https://rukminim1.flixcart.com/image/280/280/k7c88sw0/cookie-biscuit/s/x/r/250-digestive-biscuits-mcvities-original-imafphh7czygkpdf.jpeg?q=70
870,Oreo,Oreo Original Vanilla Chocolatey Sandwich Biscuits,300 g,67,https://rukminim1.flixcart.com/image/280/280/k9stjm80/cookie-biscuit/w/d/b/300-original-vanilla-chocolatey-sandwich-biscuits-oreo-original-imafrgdchkbru76n.jpeg?q=70
870,Oreo,Oreo Original Chocolatey Sandwich Biscuits,120 g,30,https://rukminim1.flixcart.com/image/280/280/ka1e6q80/cookie-biscuit/e/h/g/120-original-chocolatey-sandwich-biscuits-oreo-original-imafrp723zzmnmhz.jpeg?q=70
870,Oreo,Oreo Cadbury Dipped Cookie,150 g,54,https://rukminim1.flixcart.com/image/280/280/k9stjm80/cookie-biscuit/5/g/k/150-cadbury-dipped-cookie-oreo-original-imafrgdctygt8egj.jpeg?q=70
870,Oreo,Oreo Choco Creme Chocolatey Sandwich Biscuits,300 g,67,https://rukminim1.flixcart.com/image/280/280/k9stjm80/cookie-biscuit/y/u/h/300-choco-creme-chocolatey-sandwich-biscuits-oreo-original-imafrgdcuf8yhsrn.jpeg?q=70
870,Oreo,Oreo Choco Creme Biscuits,120 g,30,https://rukminim1.flixcart.com/image/280/280/ka1e6q80/cookie-biscuit/h/n/7/120-choco-creme-biscuits-oreo-original-imafrp72e7xg6f82.jpeg?q=70
870,Oreo,Oreo Original,4x0.3 kg,75,https://rukminim1.flixcart.com/image/280/280/jqmnv680/cookie-biscuit/f/d/6/1-2-vanilla-creme-biscuit-cadbury-oreo-original-imafcm64mhhaaz4k.jpeg?q=70
870,Parle,Parle G Original Gluco Biscuits,50 g Extra in Pack,20,https://rukminim1.flixcart.com/image/280/280/j3nbwy80/cookie-biscuit/c/z/9/250-g-parle-original-imaeuqk67smfzgqu.jpeg?q=70
870,Parle,Parle Krack Jack Sweet and Salty Crackers,400 g,59,https://rukminim1.flixcart.com/image/280/280/jm573ww0/cookie-biscuit/2/v/b/400-krackjack-parle-original-imaf94chzpugdnqa.jpeg?q=70
870,Parle,Parle Monaco Salted Biscuits,200 g,30,https://rukminim1.flixcart.com/image/280/280/k9itgnk0/cookie-biscuit/2/v/a/200-monaco-salted-biscuits-parle-original-imafrazbwjkyxzqq.jpeg?q=70
870,Parle,Parle Hide & Seek Chocolate Chip Cookies,20 g Extra in Pack,30,https://rukminim1.flixcart.com/image/280/280/k9itgnk0/cookie-biscuit/g/z/z/100-hide-seek-chocolate-chip-cookies-parle-original-imafrazbqygjygzs.jpeg?q=70
870,Parle,Parle BakeSmith The English Marie,250 g,30,https://rukminim1.flixcart.com/image/280/280/k9itgnk0/cookie-biscuit/v/k/j/250-bakesmith-the-english-marie-parle-original-imafrazb95qnncsf.jpeg?q=70
870,Parle,Parle G Gold Biscuits,200 g,25,https://rukminim1.flixcart.com/image/280/280/k9itgnk0/cookie-biscuit/8/f/s/200-g-gold-biscuits-parle-original-imafrazb6x7e84yf.jpeg?q=70
870,Parle,Parle Premium Elaichi Rusk,273 g,40,https://rukminim1.flixcart.com/image/280/280/k9itgnk0/rusk/b/j/z/273-premium-elaichi-rusk-parle-original-imafrazby4ahy24u.jpeg?q=70
870,Parle,Parle Krack Jack Sweet & Salty Crackers,200 g,30,https://rukminim1.flixcart.com/image/280/280/k9itgnk0/cookie-biscuit/w/r/t/200-krack-jack-sweet-salty-crackers-parle-original-imafrazbvw4wzrdr.jpeg?q=70
870,Parle,Parle 20-20 Butter Cookies,33% Extra in Pack,20,https://rukminim1.flixcart.com/image/280/280/jjolt3k0/cookie-biscuit/k/r/y/150-20-20-butter-cookies-parle-original-imaf77zf3y2xsww2.jpeg?q=70
870,Parle,Parle Platina Hide and Seek Cafe Mocha,120 g,30,https://rukminim1.flixcart.com/image/280/280/k9itgnk0/cookie-biscuit/j/x/9/120-platina-hide-and-seek-cafe-mocha-parle-original-imafrazbwpjwsmcy.jpeg?q=70
870,Parle,Parle Monaco Sixer Salted Biscuits,200 g,59,https://rukminim1.flixcart.com/image/280/280/k9itgnk0/cookie-biscuit/w/w/z/200-monaco-sixer-salted-biscuits-parle-original-imafrazbz6ygzrzh.jpeg?q=70
870,Parle,Parle Hide & Seek Fab Strawberry Cream Biscuit,20% Extra in Pack,30,https://rukminim1.flixcart.com/image/280/280/j65cnm80/cookie-biscuit/s/z/d/102-hide-seek-fab-strawberry-cream-biscuit-parle-original-imaewzujebpdwjp5.jpeg?q=70
870,Parle,Parle Milano Mixed Berries Cookies,75 g,35,https://rukminim1.flixcart.com/image/280/280/k9itgnk0/cookie-biscuit/k/w/e/75-milano-mixed-berries-cookies-parle-original-imafrazbguqhhgfv.jpeg?q=70
870,Parle,Parle Monaco Classic Cheeslings,150 g,59,https://rukminim1.flixcart.com/image/280/280/j3orcsw0/cookie-biscuit/d/k/h/150-parle-monaco-cheeslings-monaco-original-imaeurgsqknm8raw.jpeg?q=70
870,Parle,Parle Milano Chocolate Chip Cookies,75 g,30,https://rukminim1.flixcart.com/image/280/280/k9itgnk0/cookie-biscuit/z/h/d/75-milano-chocolate-chip-cookies-parle-original-imafrazbpprj8yju.jpeg?q=70
870,Parle,Parle 20-20 Cashew Cookies,33% Extra in Pack,25,https://rukminim1.flixcart.com/image/280/280/k9itgnk0/cookie-biscuit/k/u/g/150-20-20-cashew-cookies-parle-original-imafrazbmk4vbs4d.jpeg?q=70
870,Parle,Parle Hide & Seek Choco Filled Rolls,250 g,99,https://rukminim1.flixcart.com/image/280/280/k9itgnk0/cookie-biscuit/h/p/m/250-hide-seek-choco-filled-rolls-parle-original-imafrazb7qkbapfg.jpeg?q=70
870,Parle,Parle Milano Centre Filled Cookies,75 g,35,https://rukminim1.flixcart.com/image/280/280/j3orcsw0/cookie-biscuit/6/c/z/75-milano-centre-filled-parle-original-imaeurfephufvgdz.jpeg?q=70
870,Parle,Parle Hide & Seek Black Bourbon Vanilla Creme Sandwich,100 g,30,https://rukminim1.flixcart.com/image/280/280/k9itgnk0/cookie-biscuit/u/e/q/100-hide-seek-black-bourbon-vanilla-creme-sandwich-parle-original-imafrazbjtdydtff.jpeg?q=70
870,Parle,Parle Manaco Jeffs Zeera Biscuits,200 g,59,https://rukminim1.flixcart.com/image/280/280/k9itgnk0/cookie-biscuit/r/f/z/200-manaco-jeffs-zeera-biscuits-parle-original-imafrazbmfbjgbpt.jpeg?q=70
870,Parle,Parle Hide & Seek Black Bourbon Choco Creme Sandwich,300 g,99,https://rukminim1.flixcart.com/image/280/280/k9itgnk0/cookie-biscuit/z/k/k/300-hide-seek-black-bourbon-choco-creme-sandwich-parle-original-imafrazbhg6hfgjm.jpeg?q=70
870,Parle,Parle Milano Mini Cookies,100 g,79,https://rukminim1.flixcart.com/image/280/280/k9itgnk0/cookie-biscuit/f/u/a/100-milano-mini-cookies-parle-original-imafrazbywajezhf.jpeg?q=70
870,Sunfeast,Sunfeast Marie Light Rich Taste Biscuits,Buy 3 or more units save 15%,20,https://rukminim1.flixcart.com/image/280/280/jbl3zbk0/cookie-biscuit/g/9/p/200-marie-light-rich-taste-biscuits-sunfeast-original-imafywk8xvnzkskm.jpeg?q=70
870,Sunfeast,Sunfeast Dark Fantasy Choco Fills,300 g,96,https://rukminim1.flixcart.com/image/280/280/j612c280/cookie-biscuit/u/g/f/300-dark-fantasy-chocofills-cream-biscuit-sunfeast-original-imaewh4hqahpwk5f.jpeg?q=70
870,Sunfeast,Sunfeast Bounce Tangy Orange Cream Biscuit,82 g,10,https://rukminim1.flixcart.com/image/280/280/j6nxdow0/cookie-biscuit/g/f/h/82-bounce-tangy-orange-cream-biscuit-sunfeast-original-imaex3f34q27hf26.jpeg?q=70
870,Sunfeast,Sunfeast Dark Fantasy Yumfills Cake,138 g,48,https://rukminim1.flixcart.com/image/280/280/jgo0ccw0/cookie-biscuit/v/5/r/138-yumfills-whoopie-pie-sunfeast-original-imaf4uxmt824sgj4.jpeg?q=70
870,Sunfeast,Sunfeast Mom's Magic Cashew & Almonds Biscuits,200 g,36,https://rukminim1.flixcart.com/image/280/280/j63x7rk0/cookie-biscuit/z/r/7/200-mom-s-magic-cashew-almonds-biscuits-sunfeast-original-imaewnb6fvkjnreg.jpeg?q=70
870,Sunfeast,Sunfeast Farmlite 5 Grain Digestive High Fibre Biscuit,1 kg,120,https://rukminim1.flixcart.com/image/280/280/jraycnk0/cookie-biscuit/h/w/r/1000-farmlite-5-grain-digestive-high-fibre-sunfeast-original-imafd52qyczeszhy.jpeg?q=70
870,Sunfeast,Sunfeast Farmlite Digestive Oats with Almonds,150 g,42,https://rukminim1.flixcart.com/image/280/280/jaldz0w0/cookie-biscuit/s/p/f/150-farmlite-digestive-oats-with-almonds-sunfeast-original-imafy4rqegzyhf94.jpeg?q=70
870,Sunfeast,Sunfeast Bounce Choco Creme,82 g,10,https://rukminim1.flixcart.com/image/280/280/jz30nm80/cookie-biscuit/x/v/a/82-bounce-choco-twist-sunfeast-original-imafj69hxpfgeyyw.jpeg?q=70
870,Sunfeast,Sunfeast Marie Light Oat Biscuits,Buy 3 or more units save 15%,15,https://rukminim1.flixcart.com/image/280/280/j65cnm80/cookie-biscuit/h/m/t/120-marie-light-oat-biscuits-sunfeast-original-imaewzgxukkgy8gg.jpeg?q=70
870,Sunfeast,Sunfeast Farmlite Oats With Raisins Digestive Biscuits,150 g,42,https://rukminim1.flixcart.com/image/280/280/jatym4w0/cookie-biscuit/s/z/r/150-farmlite-digestive-oats-with-raisins-sunfeast-original-imafybj8cnbd3szk.jpeg?q=70
870,Sunfeast,Sunfeast Dark Fantasy Choco Fills Luxuria,150 g,51,https://rukminim1.flixcart.com/image/280/280/j8t35ow0/cookie-biscuit/b/s/f/150-dark-fantasy-chocofills-luxuria-sunfeast-original-imaeynt7bqv7a7p3.jpeg?q=70
870,Sunfeast,Sunfeast Farmlite Digestive Biscuits,100 g,25,https://rukminim1.flixcart.com/image/280/280/j65cnm80/cookie-biscuit/g/a/7/100-farmlite-all-good-digestive-biscuits-sunfeast-original-imaewzhyybnkbz27.jpeg?q=70
870,Sunfeast,Sunfeast Farmlite Digestive Oats with Chocolate,150 g,42,https://rukminim1.flixcart.com/image/280/280/jaldz0w0/cookie-biscuit/g/8/y/150-farmlite-digestive-oats-with-chocolate-sunfeast-original-imafy4rh8uwhh8wn.jpeg?q=70
870,Sunfeast,Sunfeast Marie Light Orange Biscuits,120 g,15,https://rukminim1.flixcart.com/image/280/280/j8q89zk0/cookie-biscuit/v/w/s/120-marie-light-orange-biscuits-sunfeast-original-imaeyz98uyfzbbuf.jpeg?q=70
870,Sunfeast,Sunfeast Dark Fantasy Coffee Fills,75 g,30,https://rukminim1.flixcart.com/image/280/280/j6nxdow0/cookie-biscuit/k/h/g/100-dark-fantasy-cookie-coffee-fills-sunfeast-original-imaex34zyhfzrckf.jpeg?q=70
870,Sunfeast,Sunfeast Bounce Dream Cream Butterscotch Zing Biscuit,Buy 3 or more units save 25%,20,https://rukminim1.flixcart.com/image/280/280/jb5e4y80/cookie-biscuit/q/n/z/120-dream-cream-butter-scotch-zing-cream-biscuit-sunfeast-original-imafykgmaxjxfgdz.jpeg?q=70
870,Sunfeast,Sunfeast Bounce Dream Cream Strawberry Vanilla Biscuit,60 g,10,https://rukminim1.flixcart.com/image/280/280/jaldz0w0/cookie-biscuit/c/w/e/60-dreamcream-strawberry-vanilla-biscuit-sunfeast-original-imafy4su9626fyvp.jpeg?q=70
870,Unibic,Unibic Assorted Cookies,6x75 g,98,https://rukminim1.flixcart.com/image/280/280/jflfgcw0/cookie-biscuit/3/h/y/450-assorted-cookies-unibic-original-imaf4yuek3zqf4ty.jpeg?q=70
870,Unibic,Unibic Fruit & Nut Cookies,75 g,25,https://rukminim1.flixcart.com/image/280/280/j3q6snk0/cookie-biscuit/y/m/r/75-fruit-n-nut-unibic-original-imaeurtyavyrte7d.jpeg?q=70
870,Unibic,Unibic Oatmeal Digestive Cookies,150 g,50,https://rukminim1.flixcart.com/image/280/280/jylvde80/cookie-biscuit/z/q/g/150-oatmeal-digestive-cookies-unibic-original-imafgqr3eztfkkvu.jpeg?q=70
870,Unibic,Unibic Fruit and Nut Cookies,500 g,124,https://rukminim1.flixcart.com/image/280/280/jy7kyvk0/cookie-biscuit/k/d/3/500-fruit-and-nut-cookies-unibic-original-imafggbyp9rayy8h.jpeg?q=70
870,Unibic,Unibic Butter Cookies,75 g,22,https://rukminim1.flixcart.com/image/280/280/j3orcsw0/cookie-biscuit/f/z/k/75-butter-unibic-original-imaeuqghgejpttep.jpeg?q=70
870,Unibic,Unibic Cashew Cookies,75 g,25,https://rukminim1.flixcart.com/image/280/280/j3orcsw0/cookie-biscuit/s/p/k/75-cashew-unibic-original-imaeuqgzaywr9ecf.jpeg?q=70
870,Unibic,Unibic Choco Chip Cookies,500 g,132,https://rukminim1.flixcart.com/image/280/280/jq2np8w0/cookie-biscuit/z/4/a/500-choco-chip-cookies-unibic-original-imafc633gh36cnzn.jpeg?q=70
870,Unibic,Unibic Milk Cookies,"Combo Pack 1 + 1 Free, 100 g each",38,https://rukminim1.flixcart.com/image/280/280/jql8fbk0/cookie-biscuit/g/t/u/100-milk-cookies-unibic-original-imafckhdfdvgbpfg.jpeg?q=70
870,Unibic,Unibic Choco Ripple Cookies,"Combo Pack 1 + 1 Free, 100 g each",40,https://rukminim1.flixcart.com/image/280/280/jfsknm80/cookie-biscuit/6/3/k/100-unibic-choco-ripple-cookies-unibic-original-imaf46hnzcvxmuk8.jpeg?q=70
870,Unibic,Unibic Scotch Finger Cookies,100 g,36,https://rukminim1.flixcart.com/image/280/280/jjx6g7k0/cookie-biscuit/b/r/5/100-scotch-finger-cookies-unibic-original-imaf7dqzt54az4nr.jpeg?q=70
