1962,Aveeno,Aveeno Baby Daily Moisturising Bath,354 ml,797,https://rukminim1.flixcart.com/image/280/280/jah3ngw0/body-wash/w/b/h/354-baby-daily-moisturising-bath-aveeno-original-imafyfxgzrb9jdyg.jpeg?q=70
1962,Aveeno,Aveeno Baby Daily Moisturizing Lotion,227 g,797,https://rukminim1.flixcart.com/image/280/280/jah3ngw0/moisturizer-cream/z/p/m/236-baby-daily-moisturizing-lotion-aveeno-original-imafyfx6ahs9kxdv.jpeg?q=70
1962,Dabur,Dabur Lal Tail,200 ml,140,https://rukminim1.flixcart.com/image/280/280/jb6tksw0/massage-oil/7/h/e/200-lal-tail-na-dabur-original-imafyhh25cbhdem9.jpeg?q=70
1962,Dabur Amla Kids,Dabur Amla Kids Nourishing Hair Oil with Shampoo,2,265,https://rukminim1.flixcart.com/image/280/280/jyt0knk0/baby-care-combo/f/b/e/nourishing-hair-oil-shampoo-2-8901207031311-dabur-amla-kids-original-imafgygm7ahy8qhs.jpeg?q=70
1962,Dabur Amla Kids,Dabur Amla Kids Nourishing Shampoo Baby Boys & Baby Girls,200 ml,127,https://rukminim1.flixcart.com/image/280/280/jz5vjbk0/shampoo/z/p/y/200-nourishing-shampoo-dabur-amla-kids-original-imafj52yprzwhrgm.jpeg?q=70
1962,Himalaya,Himalaya Gentle Baby Soap,125 g,67,https://rukminim1.flixcart.com/image/280/280/k6jnfrk0/soap/a/j/a/1-125-gentle-baby-soap-himalaya-original-imafzzeb5jm7fvw3.jpeg?q=70
1962,Himalaya,Himalaya Gentle Baby Shampoo Baby Boys & Baby Girls,200 ml,125,https://rukminim1.flixcart.com/image/280/280/k6jnfrk0/shampoo/y/n/t/400-gentle-baby-shampoo-pack-himalaya-original-imafzzebzanwzwvw.jpeg?q=70
1962,Himalaya,Himalaya Extra Moisturizing Baby Soap,125 g,63,https://rukminim1.flixcart.com/image/280/280/j3uh47k0/soap/y/c/g/1-125-extra-moisturing-baby-soap-himalaya-original-imaeuw47mdkwh6ty.jpeg?q=70
1962,Himalaya,Himalaya Gentle Baby Shampoo pack Baby Boys & Baby Girls,400 ml,255,https://rukminim1.flixcart.com/image/280/280/k6jnfrk0/shampoo/y/n/t/400-gentle-baby-shampoo-pack-himalaya-original-imafzzebzanwzwvw.jpeg?q=70
1962,Himalaya,Himalaya Baby Lotion,200 ml,143,https://rukminim1.flixcart.com/image/280/280/k6jnfrk0/moisturizer-cream/k/k/f/100-baby-lotion-himalaya-lotion-original-imafzzea2gch3pyk.jpeg?q=70
1962,Himalaya,Himalaya Khus Khus Baby Powder,200 g,117,https://rukminim1.flixcart.com/image/280/280/k6jnfrk0/talc/e/z/n/100-baby-powder-himalaya-original-imafzzecvegwgha5.jpeg?q=70
1962,Himalaya,Himalaya Prickly Heat Baby Powder,200 g,137,https://rukminim1.flixcart.com/image/280/280/k6jnfrk0/talc/m/g/r/100-baby-prickly-heat-powder-himalaya-original-imafzzeczujxcuz6.jpeg?q=70
1962,Himalaya,Himalaya Gentle Baby Wash,200 ml,133,https://rukminim1.flixcart.com/image/280/280/k7z3afk0/body-wash/m/3/s/200-gentle-baby-bath-himalaya-original-imafq3emyhzbhwy5.jpeg?q=70
1962,Himalaya,Himalaya baby cream extra soft and gentle,200 ml,232,https://rukminim1.flixcart.com/image/280/280/k6jnfrk0/moisturizer-cream/h/g/d/200-baby-cream-extra-soft-and-gentle-himalaya-cream-original-imafzzeajezvq8jh.jpeg?q=70
1962,Himalaya,Himalaya Refreshing Baby Soap,125 g,68,https://rukminim1.flixcart.com/image/280/280/k6jnfrk0/soap/n/w/h/1-125-refreshing-baby-soap-himalaya-original-imafzzebsanpsf5c.jpeg?q=70
1962,Himalaya,Himalaya Baby Massage Oil,200 ml,155,https://rukminim1.flixcart.com/image/280/280/k6jnfrk0/massage-oil/v/b/p/300-baby-massage-oil-8901138512590-himalaya-original-imafzze9gtcdyxzh.jpeg?q=70
1962,Himalaya,Himalaya Baby Cream,100 ml,133,https://rukminim1.flixcart.com/image/280/280/k6jnfrk0/moisturizer-cream/r/k/9/100-baby-cream-himalaya-cream-original-imafzzeaskjhg8wh.jpeg?q=70
1962,Himalaya,Himalaya Refreshing Baby Wash,200 ml,145,https://rukminim1.flixcart.com/image/280/280/k6jnfrk0/body-wash/g/y/q/200-refreshing-baby-wash-himalaya-original-imaf9rbjhrgfyrgr.jpeg?q=70
1962,Himalaya,Himalaya Extra Moisturizing baby wash 200 ml,200 ml,145,https://rukminim1.flixcart.com/image/280/280/k6jnfrk0/body-wash/n/f/b/100-extra-moisturizing-baby-wash-100-ml-himalaya-original-imafa749ympdfehg.jpeg?q=70
1962,Himalaya,Himalaya Baby Gift Pack,5,340,https://rukminim1.flixcart.com/image/280/280/k6jnfrk0/baby-care-combo/n/h/f/baby-gift-pack-5-8901138834470-himalaya-original-imafzze9qetvfajr.jpeg?q=70
1962,Johnson's,Johnson's Baby Soap,150 g,90,https://rukminim1.flixcart.com/image/280/280/jah3ngw0/soap/r/r/x/1-150-baby-soap-johnson-s-original-imafyfxdnqucgqhd.jpeg?q=70
1962,Johnson's,Johnson's Baby Cream,100 g,143,https://rukminim1.flixcart.com/image/280/280/k9loccw0/moisturizer-cream/h/p/g/100-baby-cream-johnson-s-cream-original-imafrcpujgrpzgk7.jpeg?q=70
1962,Johnson's,Johnson's Baby No More Tears Shampoo Baby Boys & Baby Girls,200 ml,173,https://rukminim1.flixcart.com/image/280/280/jb5e4y80/shampoo/h/p/z/200-baby-no-more-tears-shampoo-johnson-s-original-imafykaz5f5ughps.jpeg?q=70
1962,Johnson's,Johnson's Baby Top To Toe Bath,200 ml,155,https://rukminim1.flixcart.com/image/280/280/jve4pe80/body-wash/u/w/7/200-baby-top-to-toe-bath-johnson-s-original-imaf6twphfhxw4eb.jpeg?q=70
1962,Johnson's,Johnson's Baby Milk Plus Rice Cream,100 g,143,https://rukminim1.flixcart.com/image/280/280/k4a7c7k0/moisturizer-cream/u/t/5/100-baby-milk-plus-rice-cream-johnson-s-cream-original-imafn82j6smtjmpg.jpeg?q=70
1962,Johnson's,Johnson's Active Kids Shiny Drops Shampoo Girls,200 ml,178,https://rukminim1.flixcart.com/image/280/280/jph83gw0/shampoo/z/v/c/200-active-kids-shampoo-shiny-drops-200-ml-johnson-s-original-imafbpy7zhgm3faf.jpeg?q=70
1962,Johnson's,Johnson's Active Kids Clean & Fresh Shampoo Baby Boys & Baby Girls,100 ml,99,https://rukminim1.flixcart.com/image/280/280/jk76j680/shampoo/u/w/w/100-active-kids-clean-fresh-shampoo-johnson-s-original-imaf7hnvmgjmq6de.jpeg?q=70
1962,Johnson's,Johnson's Baby Powder,200 g,128,https://rukminim1.flixcart.com/image/280/280/k3g73bk0/talc/s/e/h/200-baby-powder-johnson-s-original-imafmkfrjcuauyfu.jpeg?q=70
1962,Johnson's,Johnson's Vitamin E Oil,200 ml,190,https://rukminim1.flixcart.com/image/280/280/jk76j680/bath-essential-oil/a/e/3/200-vitamin-e-oil-johnson-s-original-imaf7hz6ahm9qxnc.jpeg?q=70
1962,Johnson's,Johnson's Baby Lotion,200 ml,158,https://rukminim1.flixcart.com/image/280/280/jk76j680/moisturizer-cream/m/d/k/200-baby-lotion-johnson-s-lotion-original-imaf5g58xanfuf4w.jpeg?q=70
1962,Johnson's,Johnson's Baby Powder - Blossoms,200 g,145,https://rukminim1.flixcart.com/image/280/280/jk4bngw0/talc/3/f/y/200-baby-powder-blossoms-johnson-s-original-imaf7jsyzwaqyh87.jpeg?q=70
1962,Johnson's,Johnson's Active Kids Shampoo Clean & Fresh 200 ml BMR Boys,200 ml,178,https://rukminim1.flixcart.com/image/280/280/jph83gw0/shampoo/p/z/r/200-active-kids-shampoo-clean-fresh-200-ml-bmr-johnson-s-original-imafbpy7nv68mrrx.jpeg?q=70
1962,Johnson's,Johnson's All Day Long Baby Lotion,100 ml,88,https://rukminim1.flixcart.com/image/280/280/jn3hocw0/moisturizer-cream/v/r/h/100-all-day-long-baby-lotion-johnson-s-lotion-original-imaf9ruu6tchfbfh.jpeg?q=70
1962,Johnson's,Johnson's Active Kids Soft & Smooth Shampoo Baby Boys & Baby Girls,200 ml,178,https://rukminim1.flixcart.com/image/280/280/jmux18w0/shampoo/r/d/m/200-active-kids-soft-smooth-shampoo-johnson-s-original-imaf9zaxcxrkv88z.jpeg?q=70
1962,Johnson's,Johnson's Milk Plus Rice Lotion,200 ml,168,https://rukminim1.flixcart.com/image/280/280/jph83gw0/moisturizer-cream/h/h/x/200-baby-milk-lotion-lotion-johnson-s-original-imafbpgn2qhgqmhn.jpeg?q=70
1962,Johnson's,Johnson's Baby Care Collection,7,350,https://rukminim1.flixcart.com/image/280/280/joonafk0/baby-care-combo/7/h/s/baby-care-collection-7-8901012191248-johnson-s-original-imafb2dtuugezbhb.jpeg?q=70
1962,Johnson's,Johnson's New Cream 100gm (Pack of 2),200 g,261,https://rukminim1.flixcart.com/image/280/280/jlv70y80/moisturizer-cream/d/p/m/200-new-cream-100gm-pack-of-2-johnson-s-cream-original-imaf8wfghha2ygmy.jpeg?q=70
1962,Johnson's,Johnson's Top-to-Toe Baby Wash,100 ml,74,https://rukminim1.flixcart.com/image/280/280/jl5h3m80/body-wash/n/h/9/110-top-to-toe-baby-wash-johnson-s-original-imaf8cbhbhsev7kd.jpeg?q=70
1962,Johnson's,Johnson's Milk Plus Rice Cream,100 g,133,https://rukminim1.flixcart.com/image/280/280/jvtujrk0/moisturizer-cream/x/j/b/100-milk-plus-rice-cream-cream-johnson-s-original-imaf7x8wdyrqmegt.jpeg?q=70
1962,Johnson's,Johnson's Baby Lotion with Cream,2,400,https://rukminim1.flixcart.com/image/280/280/jxkpx8w0/baby-care-combo/k/s/9/baby-lotion-500ml-with-free-baby-cream-50g-2-jb-lotion-combo-original-imafgyygjrnnx8th.jpeg?q=70
1962,Johnson's,Johnson's Baby Shampoo with Lotion,2,448,https://rukminim1.flixcart.com/image/280/280/jxkpx8w0/baby-care-combo/4/w/s/baby-shampoo-no-more-tears-500ml-with-free-baby-lotion-100-ml-2-original-imafgyygzjhccgab.jpeg?q=70
1962,Johnson's,Johnson's Baby Top to Toe Bath with Lotion,2,400,https://rukminim1.flixcart.com/image/280/280/jxkpx8w0/baby-care-combo/z/e/b/baby-top-to-toe-baby-bath-500ml-with-free-baby-lotion-100ml-2-jb-original-imafgyygzvmrnpg3.jpeg?q=70
