926,Bajaj,Bajaj Almond Drops Hair Oil,500 ml,278,https://rukminim1.flixcart.com/image/280/280/jpsnma80/hair-oil/y/f/q/500-almond-drops-bajaj-original-imafbychpqcbc7fu.jpeg?q=70
926,Bajaj,Bajaj Brahmi Amla Hair Oil,300 ml,130,https://rukminim1.flixcart.com/image/280/280/jpsnma80/hair-oil/b/4/c/300-brahmi-amla-bajaj-original-imafbychzfjbmksg.jpeg?q=70
926,Bajaj,Bajaj Cool Almond Drops Hair Oil,95 ml,74,https://rukminim1.flixcart.com/image/280/280/k7xnukw0/hair-oil/k/w/n/95-cool-almond-drops-hair-oil-bajaj-original-imafq2bhtgwrqaws.jpeg?q=70
926,Bajaj,Bajaj Cool Almond Drops Hair oil Hair Oil,190 ml,135,//img1a.flixcart.com/www/linchpin/fk-cp-zion/img/placeholder_9951d0.svg
926,Bajaj,Bajaj Zero Gery Anti-greying Hair Oil,100 ml,197,https://rukminim1.flixcart.com/image/280/280/k687wy80/hair-oil/w/z/z/100-zero-gery-anti-greying-hair-oil-bajaj-original-imafzqhpwtxv7dht.jpeg?q=70
926,Bajaj,Bajaj Zero Grey Hair Oil,200 ml,357,https://rukminim1.flixcart.com/image/280/280/k687wy80/hair-oil/8/u/b/200-zero-gery-anti-greying-hair-oil-bajaj-original-imafzqmcwf6dedph.jpeg?q=70
926,Beardo,Beardo Godfather Beard Lite Hair Oil,30 ml,315,https://rukminim1.flixcart.com/image/280/280/jljri4w0/hair-oil/f/z/d/30-godfather-beard-lite-beardo-original-imaf8n3zqdymbcmg.jpeg?q=70
926,Beardo,Beardo Hair Serum,50 ml,265,https://rukminim1.flixcart.com/image/280/280/j2nlwnk0/hair-serum/m/a/p/50-hair-serum-fight-greying-beardo-original-imaetxgn2rqfzkfz.jpeg?q=70
926,Beardo,Beardo Hair Fall Control Shampoo Men,250 ml,315,https://rukminim1.flixcart.com/image/280/280/jlqwpe80/shampoo/6/f/g/250-hair-fall-control-shampoo-for-men-beardo-original-imaf8qs5psygzpdj.jpeg?q=70
926,Beardo,Beardo Strong Hold Wax Hair Wax,75 g,247,//img1a.flixcart.com/www/linchpin/fk-cp-zion/img/placeholder_9951d0.svg
926,Beardo,Beardo Mustache Growth Roll-on Hair Oil,8 ml,110,https://rukminim1.flixcart.com/image/280/280/aftershave-lotion/s/z/z/beardo-8-mustache-growth-roll-on-original-imaehwe8wsmz6gz2.jpeg?q=70
926,Brylcreem,Brylcreem Dry Damage Protect Hair Gel,75 g,79,https://rukminim1.flixcart.com/image/280/280/j9n3ekw0/hair-styling/m/9/y/75-dry-damage-protect-gel-brylcreem-original-imaez6huuzrxyhjr.jpeg?q=70
926,Chik,Chik Thick & Glossy Black Shampoo Women,340 ml,143,https://rukminim1.flixcart.com/image/280/280/jactbww0/shampoo/g/p/h/340-thick-glossy-black-shampoo-chik-original-imaezy6pbj3ysubx.jpeg?q=70
926,Chik,Chik Hairfall Prevent Egg White Shampoo Men & Women,340 ml,174,https://rukminim1.flixcart.com/image/280/280/jactbww0/shampoo/n/j/g/340-hairfall-prevent-egg-white-shampoo-chik-original-imaezy6wz3btpggz.jpeg?q=70
926,Clinic Plus,Clinic Plus Strong & Long Health Shampoo Women,650 ml,382,https://rukminim1.flixcart.com/image/280/280/k8ot7rk0/shampoo/y/w/u/650-strong-long-health-shampoo-clinic-plus-original-imafqnghmwv67xwz.jpeg?q=70
926,Clinic Plus,Clinic Plus Strong & Thick Health Shampoo Men & Women,650 ml,332,https://rukminim1.flixcart.com/image/280/280/jepzrm80/shampoo/u/h/h/650-strong-thick-health-shampoo-clinic-plus-original-imaf3chzhp5qwqks.jpeg?q=70
926,Dabur,Dabur Anmol Gold Pure Coconut Hair Oil,100ml Anmol Gold Coconut Oil Free,126,https://rukminim1.flixcart.com/image/280/280/k4n2avk0/hair-oil/p/j/c/500-anmol-gold-pure-coconut-dabur-original-imafnhqjxncm4jkf.jpeg?q=70
926,Dabur,Dabur Almond  Hair Oil,200ml DABUR ALMOND HAIR OIL Free,196,https://rukminim1.flixcart.com/image/280/280/k34rki80/hair-oil/b/3/y/500-almond-hair-oil-dabur-original-imafmbjbeeuhf3xg.jpeg?q=70
926,Dabur,Dabur Amla  Hair Oil,450 ml,187,https://rukminim1.flixcart.com/image/280/280/k7285u80/hair-oil/7/v/v/450-amla-hair-oil-dabur-original-imafpdryphjv265g.jpeg?q=70
926,Dabur,"Dabur Almond Hair Oil with Almond, Soya Protein and Vitamin E Hair Oil",200 ml,118,//img1a.flixcart.com/www/linchpin/fk-cp-zion/img/placeholder_9951d0.svg
926,Dabur,Dabur Ayurvedic Shampoo Men & Women,640 ml,240,https://rukminim1.flixcart.com/image/280/280/k7ksvww0/shampoo/b/s/p/640-ayurvedic-shampoo-dabur-original-imafps5hftruucsm.jpeg?q=70
926,Dabur,Dabur Badam Hair Oil,100g Dabur Honey Free,321,https://rukminim1.flixcart.com/image/280/280/j3yrfrk0/hair-oil/u/c/z/100-badam-tail-dabur-original-imaeuyzgpwcr3u8y.jpeg?q=70
926,Dabur,Dabur Keratex Hair Oil,100 ml,144,https://rukminim1.flixcart.com/image/280/280/jflfgcw0/hair-oil/g/j/f/10-keratex-dabur-original-imaf4yztbk8sedpd.jpeg?q=70
926,Dabur Amla Kids,Dabur Amla Kids Nourishing Hair Oil,200 ml,105,https://rukminim1.flixcart.com/image/280/280/jyxaw7k0/hair-oil/m/4/t/200-nourishing-hair-oil-amla-kids-original-imafj246nymj2ngr.jpeg?q=70
926,Dabur Vatika,Dabur Vatika Henna and Amla Health Shampoo Men & Women,640 ml,195,https://rukminim1.flixcart.com/image/280/280/k7ksvww0/shampoo/6/k/v/640-henna-and-amla-health-shampoo-dabur-vatika-original-imafps98fyrqkuf2.jpeg?q=70
926,Dabur Vatika,Dabur Vatika Enriched Coconut & Hibiscus Hair Oil,300 ml,158,https://rukminim1.flixcart.com/image/280/280/j3yrfrk0/hair-oil/p/e/a/300-enriched-coconut-oil-with-hibiscus-dabur-vatika-original-imaeuyzgkbztavm3.jpeg?q=70
926,Dabur Vatika,Dabur Vatika Amla and Bhringraj Long & Black Shampoo Men & Women,440 ml,171,https://rukminim1.flixcart.com/image/280/280/k7ksvww0/shampoo/f/a/5/440-amla-and-bhringraj-long-black-shampoo-dabur-vatika-original-imafps5ha9n76dhe.jpeg?q=70
926,Dabur Vatika,Dabur Vatika Enriched Coconut Hair Oil,450 ml,236,//img1a.flixcart.com/www/linchpin/fk-cp-zion/img/placeholder_9951d0.svg
926,Dabur Vatika,Dabur Vatika Lemon and Methi Anti Dandruff Shampoo Men & Women,440 ml,171,https://rukminim1.flixcart.com/image/280/280/jucz98w0/shampoo/h/a/6/440-lemon-and-methi-anti-dandruff-shampoo-dabur-vatika-original-imaffgf8gwqgebq4.jpeg?q=70
926,Dabur Vatika,Dabur Vatika Health Shampoo with Power of 7 Natural Ingredients Men & Women,340 ml,143,https://rukminim1.flixcart.com/image/280/280/k47cgi80/shampoo/3/g/j/340-health-shampoo-with-power-of-7-natural-ingredients-dabur-original-imafmskhqyaredgc.jpeg?q=70
926,Dabur Vatika,Dabur Vatika Long & Black Shampoo with Power of 7 Natural  Ingredients Men & Women,340 ml,143,https://rukminim1.flixcart.com/image/280/280/k47cgi80/shampoo/3/g/j/340-long-black-shampoo-with-power-of-7-natural-ingredients-dabur-original-imafmskmqsdxexzr.jpeg?q=70
926,Dabur Vatika,Dabur Vatika Anti-Dandruff Shampoo with Power of 7 Natural Ingredients Men & Women,340 ml,148,https://rukminim1.flixcart.com/image/280/280/k47cgi80/shampoo/9/f/a/340-anti-dandruff-shampoo-with-power-of-7-natural-ingredients-original-imafmsk66erbs4wg.jpeg?q=70
926,Dove,Dove Dryness Care Shampoo Men & Women,340 ml,227,https://rukminim1.flixcart.com/image/280/280/jjd6aa80/shampoo/n/x/k/340-dryness-care-shampoo-dove-original-imaez3aztmynkxpd.jpeg?q=70
926,Dove,Dove Dryness Care Conditioner,180 ml,188,https://rukminim1.flixcart.com/image/280/280/jesunbk0/conditioner/q/u/s/180-dryness-care-conditioner-dove-original-imaf3eudyvdcuyzg.jpeg?q=70
926,Dove,Dove Oxygen Moisture Shampoo Women,650 ml,519,https://rukminim1.flixcart.com/image/280/280/jqwny4w0/shampoo/e/m/9/650-oxygen-moisture-shampoo-dove-original-imafcthtrwy34xwd.jpeg?q=70
926,Dove,Dove Hair Fall Rescue Shampoo Men,650 ml,493,https://rukminim1.flixcart.com/image/280/280/jb6tksw0/shampoo/p/h/z/650-hair-fall-rescue-shampoo-dove-original-imafyhggzxucvjad.jpeg?q=70
926,Dove,Dove Hair Fall Rescue Conditioner,180 ml,188,https://rukminim1.flixcart.com/image/280/280/jv5k2a80/conditioner/8/f/q/180-hair-fall-rescue-conditioner-dove-original-imafg486waurgs4z.jpeg?q=70
926,Dove,Dove Intense Repair Shampoo Women,650 ml,495,https://rukminim1.flixcart.com/image/280/280/jmjhifk0/shampoo/p/r/f/650-intense-repair-shampoo-dove-original-imaf97nx6hv9mzkd.jpeg?q=70
926,Dove,Dove Daily Shine Shampoo Women,650 ml,493,https://rukminim1.flixcart.com/image/280/280/j9st5zk0/shampoo/x/g/p/650-daily-shine-shampoo-dove-original-imaezgj7gb7jpbm8.jpeg?q=70
926,Dove,Dove Oxygen Moisture Conditioner,180 ml,206,https://rukminim1.flixcart.com/image/280/280/jesunbk0/conditioner/2/c/m/180-oxygen-moisture-conditioner-dove-original-imaebqfakhmrdyft.jpeg?q=70
926,Dove,Dove Rejuvenated Volume Shampoo Men & Women,240 ml,257,https://rukminim1.flixcart.com/image/280/280/jesunbk0/shampoo/d/7/z/240-rejuvenated-volume-shampoo-dove-original-imaep5g2hzhvbsaz.jpeg?q=70
926,Dove,Dove Intense Repair Conditioner,175 ml,188,https://rukminim1.flixcart.com/image/280/280/jrs3mvk0/conditioner/y/y/h/175-intense-repair-conditioner-dove-original-imafdgycz6gwuczx.jpeg?q=70
926,Dove,Dove Daily Shine Conditioner,180 ml,188,https://rukminim1.flixcart.com/image/280/280/j9pyaa80/conditioner/h/z/w/180-daily-shine-conditioner-dove-original-imaezgj7djfpqjbz.jpeg?q=70
926,Dove,Dove Regenerative Repair Conditioner,240 ml,257,https://rukminim1.flixcart.com/image/280/280/jesunbk0/conditioner/r/x/h/240-regenerative-repair-conditioner-dove-original-imaep5gtzxfczkyg.jpeg?q=70
926,Dove,Dove Healthy Ritual for Strengthening Hair Shampoo Women,340 ml,268,https://rukminim1.flixcart.com/image/280/280/jtiz0cw0/shampoo/g/3/h/340-healthy-ritual-for-strengthening-hair-shampoo-dove-original-imafeuv69hrkzvhx.jpeg?q=70
926,Dove,Dove Environmental Defence Conditioner,5% Extra in Pack,192,https://rukminim1.flixcart.com/image/280/280/jesunbk0/conditioner/2/g/u/180-environmental-defence-conditioner-dove-original-imafftshx5xxqgsk.jpeg?q=70
926,Dove,Dove Regenerative Repair Shampoo Men,240 ml,257,https://rukminim1.flixcart.com/image/280/280/jesunbk0/shampoo/j/9/f/240-regenerative-repair-shampoo-dove-original-imaep5gbcmrcgpug.jpeg?q=70
926,Dove,Dove Rejuvenated Volume Conditioner,240 ml,257,https://rukminim1.flixcart.com/image/280/280/jesunbk0/conditioner/h/n/b/240-rejuvenated-volume-conditioner-dove-original-imaep5ger93h6g5b.jpeg?q=70
926,Dove,Dove Environmental Defence Shampoo Women,650 ml,524,https://rukminim1.flixcart.com/image/280/280/jtvtz0w0/shampoo/h/y/y/650-environmental-defence-shampoo-dove-original-imaff2geyakyqujn.jpeg?q=70
926,Dove,Dove Healthy Ritual for Growing Hair Shampoo Women,340 ml,272,https://rukminim1.flixcart.com/image/280/280/ju04akw0/shampoo/2/5/k/340-healthy-ritual-for-growing-hair-shampoo-dove-original-imaff8f3xca6w5zk.jpeg?q=70
926,Dove,Dove Dandruff Care Shampoo Men & Women,340 ml,268,https://rukminim1.flixcart.com/image/280/280/ka1e6q80/shampoo/f/g/m/340-dandruff-care-shampoo-dove-original-imafrp9efxa9wmaq.jpeg?q=70
926,Garnier,Garnier Color Naturals Creme Hair Color,"60 g, 70 ml",162,https://rukminim1.flixcart.com/image/280/280/jwxuvm80/hair-color/x/6/f/color-naturals-creme-shade-3-garnier-original-imafhgmfjt68by8v.jpeg?q=70
926,Garnier,Garnier Color Naturals Creme Hair Color,"60 g, 70 ml",162,https://rukminim1.flixcart.com/image/280/280/jwxuvm80/hair-color/4/y/t/color-naturals-creme-shade-1-garnier-original-imafhgmfsqtzbdzw.jpeg?q=70
926,Garnier,Garnier Color Naturals Creme Hair Color,"60 g, 70 ml",178,https://rukminim1.flixcart.com/image/280/280/jwxuvm80/hair-color/8/3/x/color-naturals-creme-shade-3-16-garnier-original-imafhgmfmeyutf3s.jpeg?q=70
926,Garnier,Garnier Color Naturals Creme Hair Color,"60 g, 70 ml",178,//img1a.flixcart.com/www/linchpin/fk-cp-zion/img/placeholder_9951d0.svg
926,Garnier Men,Garnier Men Color Naturals Hair Color,"30 ml, 30 g",113,https://rukminim1.flixcart.com/image/280/280/jhtg4280/hair-color/b/e/2/color-naturals-garnier-men-original-imaf5rygmjgzhuws.jpeg?q=70
926,Garnier Men,Garnier Men Color Naturals Hair Color,"30 ml, 30 g",113,https://rukminim1.flixcart.com/image/280/280/jhtg4280/hair-color/q/z/z/color-naturals-garnier-men-original-imaf5rygjpzhmuek.jpeg?q=70
926,Halo,Halo Nourishing Shampoo Women,1 L,287,https://rukminim1.flixcart.com/image/280/280/j3vwk280/shampoo/w/a/b/1-halo-shampoo-halo-original-imaeuwxdmhf9sj5m.jpeg?q=70
926,Herbal Essences,Herbal Essences Argan Oil of Morocco Shampoo Men & Women,400 ml,480,https://rukminim1.flixcart.com/image/280/280/jthjki80/shampoo/k/c/b/400-bio-renew-argan-oil-of-morocco-shampoo-400ml-herbal-essences-original-imafetz4y6kq5yk6.jpeg?q=70
926,Herbal Essences,Herbal Essences Cocoa Butter Conditioner,400 ml,520,https://rukminim1.flixcart.com/image/280/280/jt8yxe80/conditioner/d/k/5/400-bio-renew-vitamin-e-with-cocoa-butter-conditioner-herbal-original-imafenfupfkwg8ed.jpeg?q=70
926,Herbal Essences,Herbal Essences Cocoa Butter Shampoo Men & Women,400 ml,480,https://rukminim1.flixcart.com/image/280/280/jt395zk0/shampoo/3/m/3/400-bio-renew-vitamin-e-with-cocoa-butter-shampoo-400ml-herbal-original-imafegvz3n93yaza.jpeg?q=70
926,Herbal Essences,Herbal Essences White Strawberry & Sweet Mint Shampoo Men & Women,400 ml,480,https://rukminim1.flixcart.com/image/280/280/jthjki80/shampoo/4/a/u/400-bio-renew-white-strawberry-sweet-mint-shampoo-400ml-herbal-original-imafetz3rhw9bgtg.jpeg?q=70
926,Herbal Essences,Herbal Essences White Strawberry & Sweet Mint Conditioner,400 ml,520,https://rukminim1.flixcart.com/image/280/280/jthjki80/conditioner/j/u/c/400-bio-renew-white-strawberry-sweet-mint-conditioner-herbal-original-imafetz3bat6z4jr.jpeg?q=70
926,Herbal Essences,Herbal Essences Argan Oil of Morocco Conditioner,400 ml,520,https://rukminim1.flixcart.com/image/280/280/jxp08sw0/conditioner/r/f/c/400-argan-oil-of-morocco-conditioner-herbal-essences-original-imafg3qfe7d28fdh.jpeg?q=70
926,Himalaya,Himalaya Anti Hair Fall Shampoo Men & Women,700 ml,382,https://rukminim1.flixcart.com/image/280/280/j3lwh3k0/shampoo/h/g/b/700-anti-hair-fall-shampoo-himalaya-original-imaeupg7sygzgqej.jpeg?q=70
926,Himalaya,Himalaya Damage Repair Protein Conditioner,200 ml,148,https://rukminim1.flixcart.com/image/280/280/j4eha4w0/conditioner/7/v/z/200-damage-repair-protein-conditioner-himalaya-original-imaevbnuvpzykebk.jpeg?q=70
926,Himalaya,Himalaya Gentle Daily Care Protein Shampoo Men & Women,700 ml,360,https://rukminim1.flixcart.com/image/280/280/k4d27ww0/shampoo/7/c/u/700-gentle-daily-care-protein-shampoo-himalaya-original-imafn6zzgy7qatax.jpeg?q=70
926,Himalaya,Himalaya Natural Shine Henna Hair Color,120 g,71,https://rukminim1.flixcart.com/image/280/280/k9itgnk0/hair-color/x/h/g/natural-shine-henna-himalaya-original-imafranyapx4kyb7.jpeg?q=70
926,Himalaya,Himalaya Protein Hair Cream,100 ml,73,https://rukminim1.flixcart.com/image/280/280/jpk2z680/hair-styling/p/e/s/hair-cream-100-protein-himalaya-original-imafbrpr8wmqg9jx.jpeg?q=70
926,Himalaya,Himalaya Anti Dandruff Shampoo Men & Women,700 ml,399,https://rukminim1.flixcart.com/image/280/280/jr0y9ow0/shampoo/p/c/q/700-anti-dandruff-shampoo-himalaya-original-imafcxfxu3m4hzag.jpeg?q=70
926,Himalaya,Himalaya Damage Repair Protein Shampoo Women,700 ml,382,https://rukminim1.flixcart.com/image/280/280/j3lwh3k0/shampoo/q/8/x/700-damage-repair-protein-shampoo-himalaya-original-imaeupg7hh9mtgny.jpeg?q=70
926,Himalaya,Himalaya Anti-Hair Fall Hair Oil,200 ml,180,https://rukminim1.flixcart.com/image/280/280/j3yrfrk0/hair-oil/z/w/q/100-anti-hair-fall-hair-oil-himalaya-original-imaeuyzg6gpnwrbu.jpeg?q=70
926,Himalaya,Himalaya Anti-Dandruff Hair Oil,100 ml,118,https://rukminim1.flixcart.com/image/280/280/j3yrfrk0/hair-oil/q/g/z/200-anti-dandruff-hair-oil-himalaya-original-imaeuyzghuhmufhy.jpeg?q=70
926,Himalaya,Himalaya Men Daily Nourish - Strong Hair Gel,100 ml,81,https://rukminim1.flixcart.com/image/280/280/jfpprww0/hair-styling/c/t/v/100-men-daily-nourish-styling-gel-strong-himalaya-original-imaf4fw6ha8qcfr2.jpeg?q=70
926,Himalaya,Himalaya Dryness Defense Detangler & Conditioner,200 ml,153,https://rukminim1.flixcart.com/image/280/280/j4eha4w0/conditioner/z/a/b/200-dryness-defense-detangler-and-conditoner-himalaya-original-imaevbnubhpzvzgr.jpeg?q=70
926,Himalaya,Himalaya Anit-Dandruff Hair Cream,100 ml,72,https://rukminim1.flixcart.com/image/280/280/jb5e4y80/hair-styling/f/j/q/100-anit-dandruff-hair-cream-himalaya-original-imafyk9tphja4hre.jpeg?q=70
926,Himalaya,Himalaya Men Anti-Dandruff - Strong Hair Gel,100 ml,81,https://rukminim1.flixcart.com/image/280/280/jfmuw7k0/hair-styling/f/g/m/100-men-anti-dandruff-styling-gel-strong-himalaya-original-imaf4fw69zqutqz7.jpeg?q=70
926,Indica,Indica Easy Hair Color,25 ml,40,https://rukminim1.flixcart.com/image/280/280/jvv9zm80/hair-color/v/h/z/easy-indica-original-imafgz6ehtytbyu5.jpeg?q=70
926,Indica,Indica 10 Minutes Creme Hair Color,40 ml,25,https://rukminim1.flixcart.com/image/280/280/jepzrm80/hair-color/t/d/m/10-minutes-creme-indica-original-imaf3chzvsqbusgm.jpeg?q=70
926,Indica,Indica Easy Hair Color,25 ml,40,https://rukminim1.flixcart.com/image/280/280/jvv9zm80/hair-color/h/z/g/easy-indica-original-imafgz6dx8f7ykt7.jpeg?q=70
926,Indica,Indica 10 Minutes Creme Hair Color,"55 ml, 40 g",136,https://rukminim1.flixcart.com/image/280/280/jvfk58w0/hair-color/4/h/p/cr-me-hair-color-indica-original-imafgccqgukcht96.jpeg?q=70
926,Indica,Indica 10 Minutes Creme Hair Color,"55 ml, 40 g",136,https://rukminim1.flixcart.com/image/280/280/jvv9zm80/hair-color/s/4/a/cr-me-hair-color-indica-original-imafgzt3kkdvnxwu.jpeg?q=70
926,Indica,Indica 10 Minutes Creme Hair Color,"55 ml, 40 g",136,https://rukminim1.flixcart.com/image/280/280/jvfk58w0/hair-color/e/v/x/cr-me-hair-color-indica-original-imafgcckydh9abm2.jpeg?q=70
926,Indica,Indica 10 Minutes Creme Hair Color,40 ml,25,https://rukminim1.flixcart.com/image/280/280/jepzrm80/hair-color/g/q/x/10-minutes-creme-indica-original-imaf3chzuakzawha.jpeg?q=70
926,Indica,Indica 10 Minutes Creme Hair Color,"55 ml, 40 g",136,https://rukminim1.flixcart.com/image/280/280/jvfk58w0/hair-color/t/m/6/cr-me-hair-color-indica-original-imafgcdyegnggzqd.jpeg?q=70
926,Johnson's,Johnson's Baby Avocado Hair Oil,200 ml,118,https://rukminim1.flixcart.com/image/280/280/jk76j680/hair-oil/g/q/m/200-baby-avocado-johnson-s-original-imaf7hnwcbezkydz.jpeg?q=70
926,Karthika,Karthika Shikakai Powder,180 g,46,https://rukminim1.flixcart.com/image/280/280/jactbww0/hair-treatment/z/5/5/180-shikakai-powder-karthika-original-imaezy85hzffe5hg.jpeg?q=70
926,Karthika,Karthika Hair Fall Shield Shampoo Women,175 ml,88,https://rukminim1.flixcart.com/image/280/280/jesunbk0/shampoo/b/z/s/175-hairfall-shield-karthika-original-imaf3eh8hssyyndg.jpeg?q=70
926,Kesh King,Kesh King Ayurvedic Scalp And Medicinal Hair Oil,50% Extra in Pack,256,https://rukminim1.flixcart.com/image/280/280/jv9udu80/hair-oil/x/f/z/200-ayurvedic-scalp-and-medicinal-kesh-king-original-imaffwehz9hesq3e.jpeg?q=70
926,Kesh King,Kesh King Scalp and Hair Medicine Anti Hairfall Shampoo Men & Women,340 ml,174,https://rukminim1.flixcart.com/image/280/280/jori64w0/shampoo/p/h/j/340-saclp-and-hair-medicine-anti-hairfall-shampoo-kesh-king-original-imafb5c6uchunn5v.jpeg?q=70
926,Kesh King,Kesh King Ayurvedic Scalp and Hair Medicinal Hair Oil,100 ml,158,https://rukminim1.flixcart.com/image/280/280/jod7rm80/hair-oil/d/f/x/100-ayurvedic-scalp-and-hair-medicinal-kesh-king-original-imafau9k58j6fygp.jpeg?q=70
926,L'Oreal,L'Oreal Total Repair 5 Shampoo Men,64 ml Extra in Pack,337,https://rukminim1.flixcart.com/image/280/280/k2p1q4w0/shampoo/s/n/p/640-total-repair-5-shampoo-l-oreal-original-imafhzgtw7qmcfdm.jpeg?q=70
926,L'Oreal,L'Oreal 6 Oil Nourish Shampoo Men & Women,64 ml Extra in Pack,351,https://rukminim1.flixcart.com/image/280/280/k2p1q4w0/shampoo/u/u/h/640-6-oil-nourish-shampoo-l-oreal-original-imafhzgte2jjehua.jpeg?q=70
926,L'Oreal,L'Oreal Extraordinary Clay Shampoo Women,704 ml,351,https://rukminim1.flixcart.com/image/280/280/k2p1q4w0/shampoo/c/h/f/640-extraordinary-clay-shampoo-l-oreal-original-imafhzgufkxhfmgv.jpeg?q=70
926,L'Oreal,L'Oreal COLOUR PROTECT SHAMPOO Men & Women,10% Extra in Pack,239,//img1a.flixcart.com/www/linchpin/fk-cp-zion/img/placeholder_9951d0.svg
926,L'Oreal,L'Oreal Paris Fall Resist 3X Anti-dandruff Shampoo Men & Women,36 ml Extra in Pack,234,https://rukminim1.flixcart.com/image/280/280/k2p1q4w0/shampoo/c/m/4/175-paris-fall-resist-3x-anti-dandruff-shampoo-l-oreal-paris-original-imafjzajvccs3pfh.jpeg?q=70
926,L'Oreal Paris,L'Oreal Paris 6 Oil Nourish Conditioner,10% Extra in Pack,153,https://rukminim1.flixcart.com/image/280/280/k2p1q4w0/conditioner/h/7/h/175-6-oil-nourish-conditioner-l-oreal-paris-original-imafhzhzgzkff3zr.jpeg?q=70
926,L'Oreal Paris,L'Oreal Paris Extraordinary Clay Conditioner,10% Extra in Pack,148,https://rukminim1.flixcart.com/image/280/280/k0463rk0/conditioner/p/u/c/175-extraordinary-clay-conditioner-l-oreal-paris-original-imafjzafw6vdy2my.jpeg?q=70
926,L'Oreal Paris,L'Oreal Paris Excellence Creme Hair Color,"100 g, 72 ml",472,https://rukminim1.flixcart.com/image/280/280/jyrl4sw0/hair-color/z/e/3/excellence-creme-l-oreal-paris-original-imaf78d6zgveuev6.jpeg?q=70
926,L'Oreal Paris,L'Oreal Paris Fall Resist Anti-Hair Fall Conditioner,10% Extra in Pack,84,https://rukminim1.flixcart.com/image/280/280/k2p1q4w0/conditioner/d/g/g/65-fall-resist-anti-hair-fall-conditioner-l-oreal-paris-original-imafhzhzrbajtthu.jpeg?q=70
926,L'Oreal Paris,L'Oreal Paris Excellence Creme Hair Color,"100 g, 72 ml",472,https://rukminim1.flixcart.com/image/280/280/k2p1q4w0/hair-color/t/h/n/excellence-creme-l-oreal-paris-original-imafgxg78zzdpzfm.jpeg?q=70
926,L'Oreal Paris,L'Oreal Paris Casting Creme Gloss Hair Color,"72 ml, 87.5 g",467,https://rukminim1.flixcart.com/image/280/280/jyrl4sw0/hair-color/y/g/7/casting-creme-gloss-l-oreal-paris-original-imafgxg3m8zsttxt.jpeg?q=70
926,L'Oreal Paris,L'Oreal Paris Casting Creme Gloss Hair Color,"72 ml, 87.5 g",467,https://rukminim1.flixcart.com/image/280/280/k2p1q4w0/hair-color/z/v/6/casting-creme-gloss-l-oreal-paris-original-imafgxg6zgeycnhj.jpeg?q=70
926,L'Oreal Paris,L'Oreal Paris Colour Protect Conditioner,10% Extra in Pack,84,https://rukminim1.flixcart.com/image/280/280/k0463rk0/conditioner/z/b/r/175-colour-protect-conditioner-l-oreal-paris-original-imafjzafy5fytkn3.jpeg?q=70
926,L'Oreal Paris,L'Oreal Paris Total Repair 5 Serum,80 ml,190,https://rukminim1.flixcart.com/image/280/280/k0463rk0/hair-serum/z/z/a/80-total-repair-5-serum-l-oreal-paris-original-imafjzaabt9gwg7b.jpeg?q=70
926,L'Oreal Paris,L'Oreal Paris Excellence Creme Hair Color,"100 g, 72 ml",587,https://rukminim1.flixcart.com/image/280/280/jyrl4sw0/hair-color/w/k/p/excellence-creme-l-oreal-paris-original-imafgxg8xxhf5nh5.jpeg?q=70
926,L'Oreal Paris,L'Oreal Paris Excellence Creme Hair Color,"100 g, 72 ml",587,https://rukminim1.flixcart.com/image/280/280/jyrl4sw0/hair-color/n/z/x/excellence-creme-l-oreal-paris-original-imafgxg6zn8jggsn.jpeg?q=70
926,L'Oreal Paris,L'Oreal Paris Excellence Creme Hair Color,"100 g, 72 ml",587,https://rukminim1.flixcart.com/image/280/280/jyrl4sw0/hair-color/d/j/y/excellence-creme-l-oreal-paris-original-imafgxg8ywzgf9gf.jpeg?q=70
926,L'Oreal Paris,L'Oreal Paris Casting Creme Gloss Hair Color,"72 ml, 87.5 g",467,https://rukminim1.flixcart.com/image/280/280/jyrl4sw0/hair-color/a/3/r/casting-creme-gloss-l-oreal-paris-original-imafgxg4xhadzh2t.jpeg?q=70
926,L'Oreal Paris,L'Oreal Paris Excellence Creme Hair Color,"100 g, 72 ml",472,https://rukminim1.flixcart.com/image/280/280/jyrl4sw0/hair-color/e/h/h/excellence-creme-l-oreal-paris-original-imafgxg9qjcn9cyc.jpeg?q=70
926,L'Oreal Paris,L'Oreal Paris Excellence Creme Hair Color,"100 g, 72 ml",472,https://rukminim1.flixcart.com/image/280/280/jyrl4sw0/hair-color/r/v/a/excellence-creme-l-oreal-paris-original-imafgxg7ggngzzbv.jpeg?q=70
926,L'Oreal Paris,L'Oreal Paris Casting Creme Gloss Hair Color,"72 ml, 87.5 g",548,https://rukminim1.flixcart.com/image/280/280/jyrl4sw0/hair-color/e/w/p/casting-creme-gloss-l-oreal-paris-original-imafgxg3gd5h4vvv.jpeg?q=70
926,L'Oreal Paris,L'Oreal Paris Excellence Cream Hair Color,"100 g, 72 ml",587,https://rukminim1.flixcart.com/image/280/280/jyrl4sw0/hair-color/h/p/j/excellence-cream-l-oreal-paris-original-imafgxg6szhxx252.jpeg?q=70
926,L'Oreal Paris,L'Oreal Paris Casting Creme Gloss Hair Color,"72 ml, 87.5 g",548,https://rukminim1.flixcart.com/image/280/280/k2p1q4w0/hair-color/m/n/4/casting-creme-gloss-l-oreal-paris-original-imafgxg57u44fcgz.jpeg?q=70
926,L'Oreal Paris,L'Oreal Paris Casting Creme Gloss Hair Color,"72 ml, 87.5 g",548,https://rukminim1.flixcart.com/image/280/280/k2p1q4w0/hair-color/g/s/f/casting-creme-gloss-l-oreal-paris-original-imafgxg9vdd26dnt.jpeg?q=70
926,L'Oreal Paris,L'Oreal Paris Casting Creme Gloss Hair Color,"72 ml, 87.5 g",548,https://rukminim1.flixcart.com/image/280/280/k2p1q4w0/hair-color/8/d/g/casting-creme-gloss-l-oreal-paris-original-imafgxg56zhypszr.jpeg?q=70
926,Livon,Livon Hair Serum,100 ml,212,https://rukminim1.flixcart.com/image/280/280/juu4jgw0/hair-serum/p/d/4/100-hair-serum-livon-original-imaffvhrvbcyttzw.jpeg?q=70
926,Livon,Livon Serum for Dry & Unruly Hair,50 ml,135,https://rukminim1.flixcart.com/image/280/280/k7dnonk0/hair-serum/a/7/b/50-serum-for-dry-unruly-hair-livon-original-imafpmhjzbqqchnx.jpeg?q=70
926,Livon,Livon Color Protect Hair Serum,59 ml,200,https://rukminim1.flixcart.com/image/280/280/juu4jgw0/hair-serum/g/h/n/59-color-protect-hair-serum-livon-original-imaffvhrj8nncdmr.jpeg?q=70
926,Meera,Meera Onion Fenugreek Anti Dandruff Shampoo Men & Women,180 ml,126,https://rukminim1.flixcart.com/image/280/280/jteoosw0/shampoo/g/v/w/180-anti-dandruff-shampoo-meera-original-imafervvdw7tvxg5.jpeg?q=70
926,Meera,Meera Shikakai & Badam Hairfall Care Shampoo Women,650 ml,382,https://rukminim1.flixcart.com/image/280/280/jv6zi4w0/shampoo/w/5/r/650-hairfall-care-shampoo-meera-original-imafg5mgfmkc9qnj.jpeg?q=70
926,Meera,Meera Herbal Hairwash Powder,120 g,76,https://rukminim1.flixcart.com/image/280/280/k6dxocw0/hair-treatment/z/z/g/120-herbal-hairwash-powder-meera-original-imafzpb6znzdytya.jpeg?q=70
926,Meera,Meera Kunkudukai & Badam Strong and Healthy Shampoo Men & Women,650 ml,382,https://rukminim1.flixcart.com/image/280/280/jv6zi4w0/shampoo/4/q/m/650-strong-and-healthy-shampoo-meera-original-imafg5mhtqfssecx.jpeg?q=70
926,Meera,Meera Antidandruff Shampoo Men & Women,650 ml,275,https://rukminim1.flixcart.com/image/280/280/k73nlow0/shampoo/f/d/2/650-antidandruff-shampoo-meera-original-imafpevpzqaann3w.jpeg?q=70
926,Meera,Meera Strong and Healthy Shampoo 650ml Men & Women,650 ml,450,https://rukminim1.flixcart.com/image/280/280/jtltw280/shampoo/k/q/h/650-strong-and-healthy-shampoo-650ml-meera-original-imafeuxe53gapd5k.jpeg?q=70
926,Meera,Meera Pure Coconut Hair Oil,500 ml,189,https://rukminim1.flixcart.com/image/280/280/jepzrm80/hair-oil/g/e/n/500-pure-coconut-meera-original-imaf3chzzfdgpfse.jpeg?q=70
926,Navratna,Navratna Cool Ayurvedic Hair Oil,500 ml,253,https://rukminim1.flixcart.com/image/280/280/j3xbzww0/hair-oil/k/r/7/500-cool-oil-navratna-original-imaeuyy7tfd4wgvh.jpeg?q=70
926,Navratna,Navratna Hair Oil,200 ml,123,https://rukminim1.flixcart.com/image/280/280/k37mg7k0/hair-oil/j/v/m/200-garam-tel-navratna-original-imafmeye9gn82zsw.jpeg?q=70
926,Navratna,Navratna Garam tel Hair Oil,100 ml,69,https://rukminim1.flixcart.com/image/280/280/k37mg7k0/hair-oil/r/h/p/100-garam-tel-navratna-original-imafmeyer5gnaarz.jpeg?q=70
926,Nirmal,Nirmal Pure Coconut Hair Oil,500 ml,137,https://rukminim1.flixcart.com/image/280/280/jpvihzk0/hair-oil/z/6/r/500-pure-coconut-nirmal-original-imafcyfvdhsqxd6q.jpeg?q=70
926,Nyle,Nyle Dryness Hydration Shampoo Women,800 ml,228,https://rukminim1.flixcart.com/image/280/280/jex4yvk0/shampoo/v/j/g/400-dryness-hydration-shampoo-nyle-original-imaf3hvyv8yda5g3.jpeg?q=70
926,Nyle,Nyle Anti Hairfall Shampoo Men & Women,800 ml,228,https://rukminim1.flixcart.com/image/280/280/jex4yvk0/shampoo/g/m/j/800-anti-hairfall-shampoo-nyle-original-imaf3hvzqnvzfanp.jpeg?q=70
926,Nyle,Nyle Anti Dandruff Shampoo Women,800 ml,240,https://rukminim1.flixcart.com/image/280/280/jex4yvk0/shampoo/q/j/y/800-anti-dandruf-shampoo-nyle-original-imaf3hvzsnxgvjfg.jpeg?q=70
926,Nyle,Nyle Damage Repair Shampoo Women,800 ml,228,//img1a.flixcart.com/www/linchpin/fk-cp-zion/img/placeholder_9951d0.svg
926,Nyle,Nyle Pollution Shield Shampoo Women,400 ml,164,https://rukminim1.flixcart.com/image/280/280/jex4yvk0/shampoo/g/a/v/400-pollution-shield-shampoo-nyle-original-imaf3hvnrvndtzgw.jpeg?q=70
926,Palmolive,Palmolive Luminous Oil Shampoo Argan oil and Camellia Men & Women,350 ml,197,https://rukminim1.flixcart.com/image/280/280/ka2tmkw0/shampoo/3/p/3/350-luminous-oil-shampoo-argan-oil-and-camellia-palmolive-original-imafrqc2ybk9rk6b.jpeg?q=70
926,Pantene,Pantene Hair Fall Control Shampoo Men & Women,650 ml,475,https://rukminim1.flixcart.com/image/280/280/k12go7k0/shampoo/z/k/z/650-hair-fall-control-shampoo-pantene-original-imafkmzr7azwgzc8.jpeg?q=70
926,Pantene,Pantene Lively Clean Shampoo Men & Women,650 ml,475,https://rukminim1.flixcart.com/image/280/280/jzhb24w0/shampoo/e/7/k/650-lively-clean-shampoo-pantene-original-imafjhdm3mggsbmf.jpeg?q=70
926,Pantene,Pantene Hair Fall Control Conditioner,180 ml,178,https://rukminim1.flixcart.com/image/280/280/jzu60sw0/conditioner/y/8/f/180-hair-fall-control-conditioner-pantene-original-imafjrt2qqsqzfyh.jpeg?q=70
926,Pantene,Pantene Silky Smooth Care Conditioner,180 ml,178,https://rukminim1.flixcart.com/image/280/280/k2w6xe80/conditioner/d/f/3/175-silky-smooth-care-conditioner-pantene-original-imafm4yncw25vyfn.jpeg?q=70
926,Pantene,Pantene Long Black Shampoo Men & Women,650 ml,475,https://rukminim1.flixcart.com/image/280/280/k0y6cnk0/shampoo/r/f/f/650-long-black-shampoo-pantene-original-imafkmhqggzqq526.jpeg?q=70
926,Pantene,Pantene Silky Smooth Care Shampoo Men & Women,650 ml,475,https://rukminim1.flixcart.com/image/280/280/k0y6cnk0/shampoo/x/c/z/650-advanced-hair-fall-solution-silky-smooth-care-shampoo-original-imafkmhqvgduffem.jpeg?q=70
926,Pantene,Pantene Oil Replacement,180 ml,188,https://rukminim1.flixcart.com/image/280/280/k0y6cnk0/hair-serum/q/2/w/180-oil-replacement-pantene-original-imafkmhqz7ugqxfd.jpeg?q=70
926,Pantene,"Pantene Oil Replacement, 80ml",80 ml,89,https://rukminim1.flixcart.com/image/280/280/jve4pe80/hair-serum/p/t/g/80-oil-replacement-80ml-pantene-original-imafgbgzfuvancyj.jpeg?q=70
926,Parachute,Parachute Coconut Oil Hair Oil,100ml Bottle Free,220,https://rukminim1.flixcart.com/image/280/280/k4x2du80/hair-oil/z/y/g/600-coconut-oil-parachute-original-imafnpxwccgdvgsr.jpeg?q=70
926,Parachute,Parachute Advansed Aloe Vera Enriched Coconut Hair Oil,75ml Parachute Advansed Aloe Vera Coconut Hair Oil Free,108,https://rukminim1.flixcart.com/image/280/280/k893de80/hair-oil/q/v/h/250-advansed-aloe-vera-enriched-coconut-parachute-original-imafqbycr4yyjscg.jpeg?q=70
926,Parachute,Parachute Pure Coconut Hair Oil,600 ml,250,https://rukminim1.flixcart.com/image/280/280/jmgmmq80/hair-oil/x/f/4/600-pure-coconut-parachute-original-imaf9cw5gh3yeenk.jpeg?q=70
926,Parachute,Parachute Coconut Hair Oil,1 L,377,//img1a.flixcart.com/www/linchpin/fk-cp-zion/img/placeholder_9951d0.svg
926,Parachute Advansed,Parachute Advansed Gold Coconut  Hair Oil,400 ml,160,https://rukminim1.flixcart.com/image/280/280/k0plpjk0/hair-oil/5/q/h/400-gold-coconut-hair-oil-parachute-advansed-original-imafkg5wmwy5ybwy.jpeg?q=70
926,Parachute Advansed,Parachute Advansed Jasmine Coconut  Hair Oil,490 ml,166,https://rukminim1.flixcart.com/image/280/280/k65d18w0/hair-oil/7/c/h/490-jasmine-coconut-hair-oil-parachute-advansed-original-imafzz4d7hdpprar.jpeg?q=70
926,Parachute Advansed,Parachute Advansed Coconut Serum Oil,50 ml,168,https://rukminim1.flixcart.com/image/280/280/juu4jgw0/hair-serum/g/d/h/50-coconut-serum-oil-parachute-advansed-original-imaffvhrzuzuebmh.jpeg?q=70
926,Parachute Advansed,Parachute Advansed Jasmine Coconut Hair Oil,500 ml,204,//img1a.flixcart.com/www/linchpin/fk-cp-zion/img/placeholder_9951d0.svg
926,Parachute Advansed,Parachute Advansed Coconut Creme Hair Oil,150 ml,114,https://rukminim1.flixcart.com/image/280/280/juu4jgw0/hair-oil/4/g/r/150-coconut-creme-parachute-advansed-original-imaffvhqfb8cetpg.jpeg?q=70
926,Parachute Advansed Men,Parachute Advansed Men Classic Aftershower Hair Cream,100 g,80,https://rukminim1.flixcart.com/image/280/280/joen7gw0/hair-styling/e/y/t/cream-100-classic-aftershower-parachute-advansed-men-original-imafavgnmjqhyvu2.jpeg?q=70
926,Parachute Advansed Men,Parachute Advansed Men Anti-Hairfall Aftershower Hair Cream,300 g,253,https://rukminim1.flixcart.com/image/280/280/je34pzk0/hair-styling/h/c/v/300-anti-hairfall-cream-parachute-advansed-original-imafyt6tzbpnb2du.jpeg?q=70
926,Parachute Advansed Men,Parachute Advansed Men Anti-Dandruff Aftershower Hair Cream,300 g,200,https://rukminim1.flixcart.com/image/280/280/jdvziq80/hair-styling/9/5/g/300-hair-cream-anti-dandruff-parachute-advansed-men-original-imafyt6thtjgbjht.jpeg?q=70
926,Park Avenue,Park Avenue Beer Shampoo Men,180 ml,155,https://rukminim1.flixcart.com/image/280/280/ka1e6q80/shampoo/z/b/z/180-beer-shampoo-hair-fall-control-park-avenue-original-imafrpdfefrzun2h.jpeg?q=70
926,Park Avenue,Park Avenue Beer Shampoo Damage Free Men,180 ml,143,https://rukminim1.flixcart.com/image/280/280/k34rki80/shampoo/g/w/j/180-beer-damage-free-shampoo-park-avenue-original-imafknqyyh9rrf8u.jpeg?q=70
926,Park Avenue,Park Avenue Damage Free Beer Shampoo Men & Women,360 ml,310,https://rukminim1.flixcart.com/image/280/280/ka2tmkw0/shampoo/z/e/x/360-damage-free-beer-shampoo-park-avenue-original-imafrqh9bjnkgfuf.jpeg?q=70
926,Park Avenue,Park Avenue Anti-dandruff Beer Shampoo Men & Women,360 ml,310,//img1a.flixcart.com/www/linchpin/fk-cp-zion/img/placeholder_9951d0.svg
926,Park Avenue,Park Avenue Soft Hold Hair Gel,100 g,84,https://rukminim1.flixcart.com/image/280/280/k34rki80/hair-styling/j/t/p/hair-gel-100-soft-hold-park-avenue-original-imafkhhgrkaynhen.jpeg?q=70
926,Park Avenue,Park Avenue Wet Look Gel Hair Gel,100 g,84,https://rukminim1.flixcart.com/image/280/280/k34rki80/hair-styling/m/z/q/hair-gel-100-wet-look-gel-park-avenue-original-imafkhhgjawuxxu2.jpeg?q=70
926,Patanjali,Patanjali Kesh Kanti Herbal Hair Color,100 g,35,https://rukminim1.flixcart.com/image/280/280/jepzrm80/hair-color/n/f/e/kesh-kanti-herbal-patanjali-original-imaf3chzyzheqrzs.jpeg?q=70
926,Patanjali,Patanjali Kesh Kanti Shikakai Hair Cleanser Men & Women,200 ml,95,https://rukminim1.flixcart.com/image/280/280/j7asfbk0/shampoo/b/4/n/200-kesh-kanti-shikakai-patanjali-original-imaexkhgm8xffsfn.jpeg?q=70
926,Patanjali,Patanjali Kesh Kanti Anti - Dandruff Hair Cleanser Men & Women,450 ml,220,https://rukminim1.flixcart.com/image/280/280/k0r15e80/shampoo/p/u/s/450-kesh-kanti-anti-dandruff-hair-cleanser-patanjali-original-imafkggcymhujj3g.jpeg?q=70
926,Patanjali,Patanjali Kesh Kanti Amla Hair Oil,100 ml,40,//img1a.flixcart.com/www/linchpin/fk-cp-zion/img/placeholder_9951d0.svg
926,Patanjali,Patanjali Kesh Kanti Almond Hair Conditioner,100 g,60,https://rukminim1.flixcart.com/image/280/280/jepzrm80/conditioner/b/y/z/100-kesh-kanti-almond-hair-conditioner-patanjali-original-imaf3chyfyr3ctd6.jpeg?q=70
926,Patanjali,Patanjali Almond Hair Oil,100 ml,50,https://rukminim1.flixcart.com/image/280/280/k91o6fk0/hair-oil/6/3/j/100-almond-patanjali-original-imafqxhbpybskqzx.jpeg?q=70
926,Patanjali,Patanjali Kesh Kanti Protien Hair Conditioner,100 g,60,https://rukminim1.flixcart.com/image/280/280/jepzrm80/conditioner/f/t/v/100-kesh-kanti-protien-hair-conditioner-patanjali-original-imaf3chyesdpzjhm.jpeg?q=70
926,Patanjali,Patanjali Kesh Kanti Hair Oil,300 ml,250,https://rukminim1.flixcart.com/image/280/280/jepzrm80/hair-oil/v/w/d/300-kesh-kanti-patanjali-original-imaf3chzycxhw8u3.jpeg?q=70
926,Patanjali,Patanjali Tejus Hair Oil,100 ml,60,https://rukminim1.flixcart.com/image/280/280/jepzrm80/hair-oil/p/9/y/100-tejus-patanjali-original-imaf3chzcvbw77hr.jpeg?q=70
926,Scalpe,Scalpe Expert Anti Dandruff Shampoo Men & Women,75 ml,250,https://rukminim1.flixcart.com/image/280/280/jbzedu80/shampoo/z/n/r/75-expert-anti-dandruff-shampoo-scalpe-original-imaff7hvr8es5ycb.jpeg?q=70
926,Set Wet,Set Wet Cool Hold Hair Gel,100 ml,75,https://rukminim1.flixcart.com/image/280/280/juu4jgw0/hair-styling/u/h/d/hair-gel-100-cool-hold-set-wet-original-imaffvhwjhpagpbs.jpeg?q=70
926,Set Wet,Set Wet Vertical Hold Styling Gel Hair Gel,100 ml,80,https://rukminim1.flixcart.com/image/280/280/juu4jgw0/hair-styling/g/g/t/hair-gel-100-vertical-hold-styling-gel-set-wet-original-imaffvhrguhyvh64.jpeg?q=70
926,Set Wet,Set Wet Ultimate Hold Hair Gel,250 ml,110,https://rukminim1.flixcart.com/image/280/280/jvv9zm80/hair-styling/m/y/y/hair-gel-250-ultimate-hold-set-wet-original-imaffvhr2hp3j8gh.jpeg?q=70
926,Set Wet,Set Wet WET LOOK Hair Gel,100 ml,80,//img1a.flixcart.com/www/linchpin/fk-cp-zion/img/placeholder_9951d0.svg
926,Set Wet,Set Wet Vertical Hold Hair Gel,100 ml,90,https://rukminim1.flixcart.com/image/280/280/jf2uqa80/hair-styling/y/j/n/100-vertical-hold-gel-set-wet-original-imaf3mdxjz4ybhdz.jpeg?q=70
926,Sunsilk,Sunsilk Stunning Black Shine Shampoo Women,650 ml,412,https://rukminim1.flixcart.com/image/280/280/jesunbk0/shampoo/8/m/g/650-stunning-black-shine-shampoo-sunsilk-original-imaez6hvaarahywq.jpeg?q=70
926,Sunsilk,Sunsilk Nourishing Soft & Smooth Shampoo Men & Women,650 ml,413,https://rukminim1.flixcart.com/image/280/280/jesunbk0/shampoo/z/r/w/650-nourishing-soft-smooth-shampoo-sunsilk-original-imaez6hvgwh3zf4c.jpeg?q=70
926,Sunsilk,Sunsilk Lusciously Thick & Long Shampoo Women,340 ml,172,https://rukminim1.flixcart.com/image/280/280/jesunbk0/shampoo/b/u/5/340-lusciously-thick-long-shampoo-sunsilk-original-imaez7gshy2tuhbe.jpeg?q=70
926,Sunsilk,Sunsilk Perfect Straight Shampoo Women,650 ml,413,https://rukminim1.flixcart.com/image/280/280/shampoo/p/a/n/sunsilk-650-perfect-straight-shampoo-original-imaezmky52y6yegz.jpeg?q=70
926,Sunsilk,Sunsilk Hairfall Solution Shampoo Men & Women,340 ml,178,https://rukminim1.flixcart.com/image/280/280/jesunbk0/shampoo/h/z/y/340-hairfall-solution-shampoo-sunsilk-original-imaez6hvsxnx2zh5.jpeg?q=70
926,Sunsilk,Sunsilk Lusciously Thick & Long Nourishing Conditioner,180 ml,138,https://rukminim1.flixcart.com/image/280/280/jk8lz0w0/conditioner/w/3/e/180-lusciously-thick-long-nourishing-conditioner-sunsilk-original-imaf7mwbksghzvwq.jpeg?q=70
926,Sunsilk,Sunsilk Nourishing Soft & Smooth Conditioner,180 ml,138,https://rukminim1.flixcart.com/image/280/280/jlb6v0w0/conditioner/h/e/e/180-nourishing-soft-smooth-conditioner-sunsilk-original-imaf8gsdstzegf9y.jpeg?q=70
926,Sunsilk,Sunsilk Perfect Straight Conditioner,180 ml,138,https://rukminim1.flixcart.com/image/280/280/jesunbk0/conditioner/b/a/g/180-perfect-straight-conditioner-sunsilk-original-imaeukptrgetcyfu.jpeg?q=70
926,Sunsilk,Sunsilk Long & Healthy Growth Shampoo Men & Women,650 ml,411,https://rukminim1.flixcart.com/image/280/280/jesunbk0/shampoo/n/c/k/650-long-healthy-growth-shampoo-sunsilk-original-imaez6hw5pmvfugg.jpeg?q=70
926,Sunsilk,Sunsilk Long & Healthy Growth Conditioner,180 ml,138,https://rukminim1.flixcart.com/image/280/280/jk1grrk0/conditioner/h/4/g/180-long-healthy-growth-conditioner-sunsilk-original-imaf7h5dvvwp7bxr.jpeg?q=70
926,TRESemme,TRESemme Keratin Smooth Pro Collection Shampoo Women,2 in 1 Hair Straightener and Curler Free,410,https://rukminim1.flixcart.com/image/280/280/jx3kn0w0/shampoo/h/u/h/580-keratin-smooth-pro-collection-shampoo-tresemme-original-imafhny9vyv32ftf.jpeg?q=70
926,TRESemme,TRESemme Keratin Smooth Shampoo Women,580 ml,458,https://rukminim1.flixcart.com/image/280/280/j9oiufk0/shampoo/k/h/a/580-keratin-smooth-shampoo-tresemme-original-imaebfbedkpafyea.jpeg?q=70
926,TRESemme,TRESemme Smooth & Shine Shampoo Men & Women,185 ml,118,https://rukminim1.flixcart.com/image/280/280/jesunbk0/shampoo/g/h/v/190-smooth-shine-shampoo-tresemme-original-imaffzcpnewpwfzf.jpeg?q=70
926,TRESemme,TRESemme Hair Fall Defense Shampoo Men & Women,580 ml,373,https://rukminim1.flixcart.com/image/280/280/jusp3m80/shampoo/p/z/h/580-hair-fall-defense-shampoo-tresemme-original-imaffugdmxq3bbzz.jpeg?q=70
926,TRESemme,TRESemme Keratin Smooth Conditioner,190 ml,218,https://rukminim1.flixcart.com/image/280/280/j9d3bm80/conditioner/e/q/r/190-keratin-smooth-conditioner-tresemme-original-imaejv5zfkuucegg.jpeg?q=70
926,TRESemme,TRESemme Hair Spa Rejuvenation Conditioner,190 ml,217,https://rukminim1.flixcart.com/image/280/280/jesunbk0/conditioner/5/g/r/190-hair-spa-rejuvenation-conditioner-tresemme-original-imaevafug3gh9pun.jpeg?q=70
926,TRESemme,TRESemme Botanique Nourish & Replenish Shampoo Women,580 ml,463,https://rukminim1.flixcart.com/image/280/280/jl5h3m80/shampoo/t/5/c/580-botanique-nourish-replenish-shampoo-tresemme-original-imaf6u54kzhj2zeq.jpeg?q=70
926,TRESemme,TRESemme Smooth and Shine Shampoo Women,580 ml,442,https://rukminim1.flixcart.com/image/280/280/jv5k2a80/shampoo/8/v/h/580-smooth-shine-shampoo-tresemme-original-imafg486vwzuzxka.jpeg?q=70
926,TRESemme,TRESemme Smooth & Shine Conditioner,190 ml,193,https://rukminim1.flixcart.com/image/280/280/jesunbk0/conditioner/w/r/u/190-smooth-shine-conditioner-tresemme-original-imaeukptceqe8wzq.jpeg?q=70
926,TRESemme,TRESemme Botanique Detox & Restore Shampoo Men,580 ml,463,https://rukminim1.flixcart.com/image/280/280/jesunbk0/shampoo/t/b/6/580-botanique-detox-restore-shampoo-tresemme-original-imaf3etbar98fuwa.jpeg?q=70
926,TRESemme,TRESemme Hair Fall Defense Conditioner,190 ml,185,https://rukminim1.flixcart.com/image/280/280/js4yljk0/conditioner/f/c/f/190-hair-fall-defense-conditioner-tresemme-original-imafdsyvfkvgghzu.jpeg?q=70
926,TRESemme,TRESemme Botanique Detox & Restore Conditioner,190 ml,217,https://rukminim1.flixcart.com/image/280/280/jesunbk0/conditioner/h/5/p/190-botanique-detox-restore-conditioner-tresemme-original-imafftshmdxnwfmg.jpeg?q=70
926,TRESemme,TRESemme Beauty-Full Volume Conditioner,190 ml,217,https://rukminim1.flixcart.com/image/280/280/jp780i80/conditioner/v/5/h/190-beauty-full-volume-conditioner-tresemme-original-imafbhwzhzqca3gc.jpeg?q=70
926,TRESemme,TRESemme Climate Control Conditioner,190 ml,193,https://rukminim1.flixcart.com/image/280/280/jesunbk0/conditioner/v/q/p/190-climate-control-conditioner-tresemme-original-imaeukpughzvzvc5.jpeg?q=70
926,TRESemme,TRESemme Beauty Full Volume Shampoo Women,580 ml,463,https://rukminim1.flixcart.com/image/280/280/jesunbk0/shampoo/h/t/d/580-beauty-full-volume-shampoo-tresemme-original-imaf3etbyv29mbna.jpeg?q=70
926,TRESemme,TRESemme Climate Control Shampoo Women,580 ml,373,https://rukminim1.flixcart.com/image/280/280/jesunbk0/shampoo/b/f/u/580-climate-control-shampoo-tresemme-original-imaewnajxfcpytxs.jpeg?q=70
