1386,Fitbit,Fitbit Versa Smartwatch,12999,https://rukminim1.flixcart.com/image/612/612/jr9iwsw0/smartwatch/a/m/n/fb505srgy-fitbit-original-imafd3hyb6exjpxp.jpeg?q=70
1387,Fitbit,Fitbit Versa 2 Smartwatch,20999,https://rukminim1.flixcart.com/image/612/612/k6i7zww0/smartwatch/h/r/8/fb507rgrw-fitbit-original-imafzyb2ydzqhuw4.jpeg?q=70
1388,Fitbit,Fitbit Charge 3,9999,https://rukminim1.flixcart.com/image/612/612/jy4q3680/smart-band-tag/h/z/w/fb410gmbk-cjk-fitbit-original-imafgfqqsvvghvfr.jpeg?q=70
1389,Fitbit,Fitbit Versa 2 Smartwatch,20999,https://rukminim1.flixcart.com/image/612/612/k6i7zww0/smartwatch/4/v/e/fb507bkbk-fitbit-original-imafzyb2yfaqbdg9.jpeg?q=70
1390,Fitbit,Fitbit Versa Lite Edition Smartwatch,14399,https://rukminim1.flixcart.com/image/612/612/jt641ow0/smartwatch/r/2/n/fb415pmpm-fitbit-original-imafeh2acmckqg3b.jpeg?q=70
1391,Fitbit,Fitbit Versa 2 Special Edition Smartwatch,22999,https://rukminim1.flixcart.com/image/612/612/k6i7zww0/smartwatch/n/m/z/fb507gygy-fitbit-original-imafzyb2h8zv9pb7.jpeg?q=70
1392,Fitbit,Fitbit Inspire HR,8999,https://rukminim1.flixcart.com/image/612/612/jtg44nk0/smart-band-tag/4/s/u/fb413bkbk-fitbit-original-imafeh2j9t7n5zpp.jpeg?q=70
1393,Fitbit,Fitbit Charge 3,9999,https://rukminim1.flixcart.com/image/612/612/jy4q3680/smart-band-tag/3/f/k/fb410rggy-cjk-fitbit-original-imafgfqqpgyh2uh4.jpeg?q=70
1394,Fitbit,Fitbit Inspire,6999,https://rukminim1.flixcart.com/image/612/612/jtg44nk0/smart-band-tag/g/v/8/fb412byby-fitbit-original-imafeh2jtj2tbzrh.jpeg?q=70
1395,Fitbit,Fitbit Flex Small,8490,https://rukminim1.flixcart.com/image/612/612/jb5e4y80/smart-band-tag/g/e/2/fb401vt-fitbit-original-imafyk9y73qnh78u.jpeg?q=70
1396,Fitbit,Fitbit Versa 2 Smartwatch,20999,https://rukminim1.flixcart.com/image/612/612/k6i7zww0/smartwatch/m/q/4/fb507rgpk-fitbit-original-imafzyb2sszx8t24.jpeg?q=70
1397,Fitbit,Fitbit Versa Smartwatch,19490,https://rukminim1.flixcart.com/image/612/612/jr9iwsw0/smartwatch/x/z/4/fb505gmbk-fitbit-original-imafd3hyvgtgcmew.jpeg?q=70
1398,Fitbit,Fitbit Versa 2 Special Edition Smartwatch,22999,https://rukminim1.flixcart.com/image/612/612/k6i7zww0/smartwatch/z/e/y/fb507rgnv-fitbit-original-imafzyb2ehrb8wg2.jpeg?q=70
1399,Fitbit,Fitbit Versa 2 Smartwatch,20999,https://rukminim1.flixcart.com/image/612/612/k6i7zww0/smartwatch/4/c/y/fb507gysr-fitbit-original-imafzyb2azg9gakf.jpeg?q=70
1400,Fitbit,Fitbit Versa Smartwatch,23499,https://rukminim1.flixcart.com/image/612/612/jr9iwsw0/smartwatch/q/q/t/fb505rglv-fitbit-original-imafd3hyzhgb7hby.jpeg?q=70
1401,Fitbit,Fitbit Versa Smartwatch,23499,https://rukminim1.flixcart.com/image/612/612/jr9iwsw0/smartwatch/k/e/y/fb505bkgy-fitbit-original-imafd3hyhxrzq9ts.jpeg?q=70
1402,Fitbit,Fitbit Charge 2 Large,11990,https://rukminim1.flixcart.com/image/612/612/jerf7gw0/smart-band-tag/x/k/g/fb407stel-fitbit-original-imaf3dzyp952gsf7.jpeg?q=70
1403,Fitbit,Fitbit Charge 2 Small,11990,https://rukminim1.flixcart.com/image/612/612/jerf7gw0/smart-band-tag/x/k/g/fb407stel-fitbit-original-imaf3dzyp952gsf7.jpeg?q=70
1404,Fitbit,Fitbit Blaze Smartwatch,17999,https://rukminim1.flixcart.com/image/612/612/jjd6aa80/smartwatch/a/9/t/fb502sbkl-fitbit-original-imaf6yht8hht6bsb.jpeg?q=70
1405,Fitbit,Fitbit Versa Lite Edition Smartwatch,15899,https://rukminim1.flixcart.com/image/612/612/jt641ow0/smartwatch/p/u/w/fb415bubu-fitbit-original-imafeh2azptezgwq.jpeg?q=70
1406,Fitbit,Fitbit Ionic Smartwatch,22499,https://rukminim1.flixcart.com/image/612/612/jdoubgw0/smartwatch/y/h/k/fb503cpbu-fitbit-original-imaf2jkp9jcvhmsk.jpeg?q=70
1407,Fitbit,Fitbit Surge Smartwatch,17999,https://rukminim1.flixcart.com/image/612/612/smartwatch/z/9/c/fb501bus-fitbit-original-imaezvcdkrvah4vz.jpeg?q=70
1408,Fitbit,Fitbit Charge HR,8799,https://rukminim1.flixcart.com/image/612/612/smart-band-tag/b/f/y/fb405tas-fitbit-original-imaenjzxnhzghx2x.jpeg?q=70
1409,Fitbit,Fitbit Charge 2 Large,11699,https://rukminim1.flixcart.com/image/612/612/smart-band-tag/j/m/v/charge-2-small-fitbit-original-imaepyzpgbvfnwhu.jpeg?q=70
1410,Fitbit,Fitbit Surge Smartwatch,14999,https://rukminim1.flixcart.com/image/612/612/smartwatch/y/s/y/surge-s-fitbit-original-imaemvbpfyfq9zhb.jpeg?q=70
1411,Fitbit,Fitbit Ionic Smartwatch,13990,https://rukminim1.flixcart.com/image/612/612/jdoubgw0/smartwatch/u/a/g/fb503wtgy-fitbit-original-imaf2jkpkzbkmewm.jpeg?q=70
1412,Fitbit,Fitbit Inspire,6200,https://rukminim1.flixcart.com/image/612/612/jtg44nk0/smart-band-tag/h/j/q/fb412bkbk-fitbit-original-imafeh2jfyeshznw.jpeg?q=70
1413,Fitbit,Fitbit XL BLACK SILVER Smartwatch,13999,https://rukminim1.flixcart.com/image/612/612/k0zlsi80/smartwatch/a/v/5/fb502sbkxl-fitbit-original-imafknqmrwza878u.jpeg?q=70
1414,Fitbit,Fitbit Blaze Smartwatch,16999,https://rukminim1.flixcart.com/image/612/612/jjd6aa80/smartwatch/s/y/p/fb502spml-fitbit-original-imaf6yhtgbvp7sdn.jpeg?q=70
1415,Fitbit,Fitbit Alta,12299,https://rukminim1.flixcart.com/image/612/612/k1118cw0/smart-band-tag/w/z/n/fb406tes-fitbit-original-imafkp4gyc3cjk8g.jpeg?q=70
1416,Fitbit,Fitbit Charge HR,10499,https://rukminim1.flixcart.com/image/612/612/j3lwh3k0/smart-band-tag/a/r/w/fb405bus-fitbit-original-imaeun69wzxysz5f.jpeg?q=70
1417,Fitbit,Fitbit Ionic Smartwatch,14990,https://rukminim1.flixcart.com/image/612/612/jdoubgw0/smartwatch/r/u/d/fb503gybk-fitbit-original-imaf2jkpk9epctks.jpeg?q=70
1418,Fitbit,Fitbit Charge HR,7995,https://rukminim1.flixcart.com/image/612/612/smart-band-tag/p/r/8/fb405pks-fitbit-original-imaenjzxauhsnhay.jpeg?q=70
1419,Fitbit,Fitbit Alta,12999,https://rukminim1.flixcart.com/image/612/612/jerf7gw0/smart-band-tag/j/w/w/fb406bus-fitbit-original-imaf3dzyuqbmja6k.jpeg?q=70
1420,Fitbit,Fitbit Inspire HR,5999,https://rukminim1.flixcart.com/image/612/612/jtg44nk0/smart-band-tag/k/g/u/fb413bkwt-fitbit-original-imafeh2je3tthagd.jpeg?q=70
1421,Fitbit,Fitbit Inspire HR,7649,https://rukminim1.flixcart.com/image/612/612/jtg44nk0/smart-band-tag/m/g/q/fb413lvlv-fitbit-original-imafeh2j65pvxcva.jpeg?q=70
1422,Fitbit,Fitbit Charge HR,14990,https://rukminim1.flixcart.com/image/612/612/smart-band-tag/a/v/g/fb405tes-fitbit-original-imaekrjzwqdzyx3u.jpeg?q=70
1423,Fitbit,Fitbit Flex 2 (FB403BK) Smart Band Strap,3499,https://rukminim1.flixcart.com/image/612/612/jj7givk0/smart-watch-band-strap/y/h/q/flex-2-fb403bk-smart-band-strap-fitbit-original-imaf6tsuxgjk3g2k.jpeg?q=70
1424,Fitbit,Fitbit Charge 3 Special Edition,9999,https://rukminim1.flixcart.com/image/612/612/jy4q3680/smart-band-tag/c/c/n/fb410gmwt-cjk-fitbit-original-imafgfqqur2jahzr.jpeg?q=70
1425,Fitbit,Fitbit Alta HR,14999,https://rukminim1.flixcart.com/image/612/612/jdt4n0w0/smart-band-tag/d/z/a/fb408spml-fitbit-original-imaf2mymujzktbxg.jpeg?q=70
1426,Fitbit,Fitbit Alta HR,16999,https://rukminim1.flixcart.com/image/612/612/jdt4n0w0/smart-band-tag/6/y/h/fb408gmbkl-fitbit-original-imaf2mym5b4uvjrj.jpeg?q=70
1427,Fitbit,Fitbit One Black Fitness Smart Band,7490,https://rukminim1.flixcart.com/image/612/612/smart-tracker/n/b/x/fb103bk-fitbit-original-imaehzjqazrutuyd.jpeg?q=70
1428,Fitbit,Fitbit Charge 2 Small,8999,https://rukminim1.flixcart.com/image/612/612/smart-band-tag/p/4/e/charge-hr-2-large-fitbit-original-imaezehzbeznvbzd.jpeg?q=70
1429,Fitbit,Fitbit Charge 3 Special Edition,9999,https://rukminim1.flixcart.com/image/612/612/jy4q3680/smart-band-tag/z/x/p/fb410rglv-cjk-fitbit-original-imafgfqqgcw9mg7g.jpeg?q=70
1430,Fitbit,Fitbit Alta HR,16999,https://rukminim1.flixcart.com/image/612/612/jdt4n0w0/smart-band-tag/6/y/h/fb408gmbkl-fitbit-original-imaf2mym5b4uvjrj.jpeg?q=70
1431,Fitbit,Fitbit Alta HR,16999,https://rukminim1.flixcart.com/image/612/612/jdt4n0w0/smart-band-tag/b/p/x/fb408rgpkl-fitbit-original-imaf2mymnchqzah7.jpeg?q=70
1432,Fitbit,Fitbit Alta HR,16999,https://rukminim1.flixcart.com/image/612/612/jdt4n0w0/smart-band-tag/b/p/x/fb408rgpkl-fitbit-original-imaf2mymnchqzah7.jpeg?q=70
1433,Fitbit,Fitbit Charge 2 Large,7499,https://rukminim1.flixcart.com/image/612/612/jerf7gw0/smart-band-tag/p/4/e/fb407sbul-fitbit-original-imaf3dzym8yuzsnp.jpeg?q=70
1434,Fitbit,Fitbit Alta HR,14999,//img1a.flixcart.com/www/linchpin/fk-cp-zion/img/placeholder_9951d0.svg
1435,Fitbit,Fitbit Alta,11400,//img1a.flixcart.com/www/linchpin/fk-cp-zion/img/placeholder_9951d0.svg
1436,Fitbit,Fitbit Charge 2 Small,7498,//img1a.flixcart.com/www/linchpin/fk-cp-zion/img/placeholder_9951d0.svg
1437,Fitbit,Fitbit Versa Lite Edition Smartwatch,14399,//img1a.flixcart.com/www/linchpin/fk-cp-zion/img/placeholder_9951d0.svg
1438,Fitbit,Fitbit Versa Lite Edition Smartwatch,14899,//img1a.flixcart.com/www/linchpin/fk-cp-zion/img/placeholder_9951d0.svg
1439,Fitbit,Fitbit Fitbit Charge 3 Fitness Wristband,15891,//img1a.flixcart.com/www/linchpin/fk-cp-zion/img/placeholder_9951d0.svg
1440,Fitbit,Fitbit versa Smartwatch,21499,//img1a.flixcart.com/www/linchpin/fk-cp-zion/img/placeholder_9951d0.svg
1441,Fitbit,Fitbit Fitbit Charge 3 Small & Large,13891,//img1a.flixcart.com/www/linchpin/fk-cp-zion/img/placeholder_9951d0.svg
1442,Fitbit,Fitbit Charge HR,6990,//img1a.flixcart.com/www/linchpin/fk-cp-zion/img/placeholder_9951d0.svg
1443,Fitbit,Fitbit Alta HR,14299,//img1a.flixcart.com/www/linchpin/fk-cp-zion/img/placeholder_9951d0.svg
1444,Fitbit,Fitbit Charge 2 Small,12999,//img1a.flixcart.com/www/linchpin/fk-cp-zion/img/placeholder_9951d0.svg
1445,Fitbit,Fitbit Charge 2 Large,11599,//img1a.flixcart.com/www/linchpin/fk-cp-zion/img/placeholder_9951d0.svg
1446,Fitbit,Fitbit Surge Smartwatch,14999,//img1a.flixcart.com/www/linchpin/fk-cp-zion/img/placeholder_9951d0.svg
1447,Fitbit,Fitbit Charge HR,8999,//img1a.flixcart.com/www/linchpin/fk-cp-zion/img/placeholder_9951d0.svg
1448,Fitbit,Fitbit Alta HR,14999,//img1a.flixcart.com/www/linchpin/fk-cp-zion/img/placeholder_9951d0.svg
1449,Fitbit,Fitbit Charge HR,7999,//img1a.flixcart.com/www/linchpin/fk-cp-zion/img/placeholder_9951d0.svg
1450,Fitbit,Fitbit Versa Smartwatch,12800,//img1a.flixcart.com/www/linchpin/fk-cp-zion/img/placeholder_9951d0.svg
1451,Fitbit,Fitbit Flex Small,4299,//img1a.flixcart.com/www/linchpin/fk-cp-zion/img/placeholder_9951d0.svg
1452,Fitbit,Fitbit Alta,9999,//img1a.flixcart.com/www/linchpin/fk-cp-zion/img/placeholder_9951d0.svg
1453,Fitbit,Fitbit Blaze Smartwatch,14999,//img1a.flixcart.com/www/linchpin/fk-cp-zion/img/placeholder_9951d0.svg
1454,Fitbit,Fitbit Blaze Smartwatch,13999,//img1a.flixcart.com/www/linchpin/fk-cp-zion/img/placeholder_9951d0.svg
1455,Fitbit,Fitbit VERSA Smartwatch,16999,//img1a.flixcart.com/www/linchpin/fk-cp-zion/img/placeholder_9951d0.svg
1456,Fitbit,Fitbit Surge Smartwatch,15799,//img1a.flixcart.com/www/linchpin/fk-cp-zion/img/placeholder_9951d0.svg
1457,Fitbit,Fitbit ZIP Fitness Smart Tracker,2250,//img1a.flixcart.com/www/linchpin/fk-cp-zion/img/placeholder_9951d0.svg
1458,Fitbit,Fitbit Versa Lite Edition Smartwatch,12779,//img1a.flixcart.com/www/linchpin/fk-cp-zion/img/placeholder_9951d0.svg
1459,Fitbit,Fitbit Alta,6699,//img1a.flixcart.com/www/linchpin/fk-cp-zion/img/placeholder_9951d0.svg
1460,Fitbit,Fitbit Blaze Smartwatch,13999,//img1a.flixcart.com/www/linchpin/fk-cp-zion/img/placeholder_9951d0.svg
1461,Fitbit,Fitbit Alta-SPlum Fitness Smart Band,10199,//img1a.flixcart.com/www/linchpin/fk-cp-zion/img/placeholder_9951d0.svg
1462,Fitbit,Fitbit FLEX,5524,//img1a.flixcart.com/www/linchpin/fk-cp-zion/img/placeholder_9951d0.svg
1463,Fitbit,Fitbit FB153FB-BLS Smart Band Strap,2000,//img1a.flixcart.com/www/linchpin/fk-cp-zion/img/placeholder_9951d0.svg
1464,Fitbit,Fitbit Charge HR,8999,//img1a.flixcart.com/www/linchpin/fk-cp-zion/img/placeholder_9951d0.svg
1465,Fitbit,Fitbit Alta,8999,//img1a.flixcart.com/www/linchpin/fk-cp-zion/img/placeholder_9951d0.svg
1466,Fitbit,Fitbit Alta,7999,//img1a.flixcart.com/www/linchpin/fk-cp-zion/img/placeholder_9951d0.svg
1467,Fitbit,Fitbit Charge HR,9999,//img1a.flixcart.com/www/linchpin/fk-cp-zion/img/placeholder_9951d0.svg
1468,Fitbit,Fitbit Alta,8999,//img1a.flixcart.com/www/linchpin/fk-cp-zion/img/placeholder_9951d0.svg
1469,Fitbit,Fitbit Blaze Smartwatch,14999,//img1a.flixcart.com/www/linchpin/fk-cp-zion/img/placeholder_9951d0.svg
1470,Fitbit,Fitbit Flex Small,4499,//img1a.flixcart.com/www/linchpin/fk-cp-zion/img/placeholder_9951d0.svg
1471,Fitbit,Fitbit Flex Small,5499,//img1a.flixcart.com/www/linchpin/fk-cp-zion/img/placeholder_9951d0.svg
1472,Fitbit,Fitbit Flex Small,4999,//img1a.flixcart.com/www/linchpin/fk-cp-zion/img/placeholder_9951d0.svg
1473,Fitbit,Fitbit Flex Small,4999,//img1a.flixcart.com/www/linchpin/fk-cp-zion/img/placeholder_9951d0.svg
1474,Fitbit,Fitbit Alta HR,7999,//img1a.flixcart.com/www/linchpin/fk-cp-zion/img/placeholder_9951d0.svg
1475,Fitbit,Fitbit Charge HR,9797,//img1a.flixcart.com/www/linchpin/fk-cp-zion/img/placeholder_9951d0.svg
1476,Fitbit,Fitbit Flex Small,4999,//img1a.flixcart.com/www/linchpin/fk-cp-zion/img/placeholder_9951d0.svg
1477,Fitbit,Fitbit Flex Small,5599,//img1a.flixcart.com/www/linchpin/fk-cp-zion/img/placeholder_9951d0.svg
1478,Fitbit,Fitbit Blaze Smartwatch,13949,//img1a.flixcart.com/www/linchpin/fk-cp-zion/img/placeholder_9951d0.svg
1479,Fitbit,Fitbit Aria FB201W Fitness Smart Tracker,6799,//img1a.flixcart.com/www/linchpin/fk-cp-zion/img/placeholder_9951d0.svg
1480,Fitbit,Fitbit TB032 Smartwatch,22490,//img1a.flixcart.com/www/linchpin/fk-cp-zion/img/placeholder_9951d0.svg
1481,Fitbit,Fitbit FITBIT SURGE Smartwatch,13999,//img1a.flixcart.com/www/linchpin/fk-cp-zion/img/placeholder_9951d0.svg
1482,Fitbit,Fitbit Blaze Smartwatch,14999,//img1a.flixcart.com/www/linchpin/fk-cp-zion/img/placeholder_9951d0.svg
1483,Fitbit,Fitbit Blaze Smartwatch,14900,//img1a.flixcart.com/www/linchpin/fk-cp-zion/img/placeholder_9951d0.svg
1484,Fitbit,Fitbit Surge Smartwatch,14999,//img1a.flixcart.com/www/linchpin/fk-cp-zion/img/placeholder_9951d0.svg
1485,Fitbit,Fitbit Smart Watch Smartwatch,29901,//img1a.flixcart.com/www/linchpin/fk-cp-zion/img/placeholder_9951d0.svg
1486,Fitbit,Fitbit Smart Watch Smartwatch,18000,//img1a.flixcart.com/www/linchpin/fk-cp-zion/img/placeholder_9951d0.svg
1487,Fitbit,Fitbit Surge Smartwatch,9999,//img1a.flixcart.com/www/linchpin/fk-cp-zion/img/placeholder_9951d0.svg
1488,Fitbit,Fitbit TB031 Smartwatch,21990,//img1a.flixcart.com/www/linchpin/fk-cp-zion/img/placeholder_9951d0.svg
1489,Fitbit,Fitbit 150419 Smart Band Strap,5266,//img1a.flixcart.com/www/linchpin/fk-cp-zion/img/placeholder_9951d0.svg
1490,Fitbit,Fitbit 148083 Smart Band Strap,2151,//img1a.flixcart.com/www/linchpin/fk-cp-zion/img/placeholder_9951d0.svg
1491,Fitbit,Fitbit FB301C Fitness Smart Tracker,11140,//img1a.flixcart.com/www/linchpin/fk-cp-zion/img/placeholder_9951d0.svg
1492,Fitbit,Fitbit FB103BK Fitness Smart Tracker,19778,//img1a.flixcart.com/www/linchpin/fk-cp-zion/img/placeholder_9951d0.svg
1493,Mi,Mi Smart Band 3i,1299,//img1a.flixcart.com/www/linchpin/fk-cp-zion/img/placeholder_9951d0.svg
1494,Mi,Mi Band 3,1799,//img1a.flixcart.com/www/linchpin/fk-cp-zion/img/placeholder_9951d0.svg
1495,Mi,Mi Band - HRX Edition,1429,//img1a.flixcart.com/www/linchpin/fk-cp-zion/img/placeholder_9951d0.svg
1496,Mi,Mi VR Play,999,//img1a.flixcart.com/www/linchpin/fk-cp-zion/img/placeholder_9951d0.svg
1497,Mi,Mi Band 2,1899,//img1a.flixcart.com/www/linchpin/fk-cp-zion/img/placeholder_9951d0.svg
1498,Fossil,Fossil 4th Gen Explorist HR Smartwatch,15395,//img1a.flixcart.com/www/linchpin/fk-cp-zion/img/placeholder_9951d0.svg
1499,Fossil,Fossil 4th Gen Venture HR Smartwatch,15395,//img1a.flixcart.com/www/linchpin/fk-cp-zion/img/placeholder_9951d0.svg
1500,Fossil,Fossil Sport 41 Smartwatch,11995,//img1a.flixcart.com/www/linchpin/fk-cp-zion/img/placeholder_9951d0.svg
1501,Fossil,Fossil Gen 5 Carlyle HR Smartwatch,22995,//img1a.flixcart.com/www/linchpin/fk-cp-zion/img/placeholder_9951d0.svg
1502,Fossil,Fossil Gen 5 Carlyle HR Smartwatch,22995,//img1a.flixcart.com/www/linchpin/fk-cp-zion/img/placeholder_9951d0.svg
1503,Fossil,Fossil Sport 43 Smartwatch,11995,//img1a.flixcart.com/www/linchpin/fk-cp-zion/img/placeholder_9951d0.svg
1504,Fossil,Fossil 4th Gen Venture HR Smartwatch,15395,//img1a.flixcart.com/www/linchpin/fk-cp-zion/img/placeholder_9951d0.svg
1505,Fossil,Fossil 4th Gen Explorist HR Smartwatch,15395,//img1a.flixcart.com/www/linchpin/fk-cp-zion/img/placeholder_9951d0.svg
1506,Fossil,Fossil 4th Gen Venture HR Smartwatch,15395,//img1a.flixcart.com/www/linchpin/fk-cp-zion/img/placeholder_9951d0.svg
1507,Fossil,Fossil Q Venture Smartwatch,19999,//img1a.flixcart.com/www/linchpin/fk-cp-zion/img/placeholder_9951d0.svg
1508,Fossil,Fossil Sport 41 Smartwatch,11995,//img1a.flixcart.com/www/linchpin/fk-cp-zion/img/placeholder_9951d0.svg
1509,Fossil,Fossil Gen 5 Julianna HR Smartwatch,22995,//img1a.flixcart.com/www/linchpin/fk-cp-zion/img/placeholder_9951d0.svg
1510,Fossil,Fossil Gen 5 Julianna HR Smartwatch,22995,//img1a.flixcart.com/www/linchpin/fk-cp-zion/img/placeholder_9951d0.svg
1511,Fossil,Fossil Sport 41 Smartwatch,11995,//img1a.flixcart.com/www/linchpin/fk-cp-zion/img/placeholder_9951d0.svg
1512,Fossil,Fossil Gen 5 Julianna HR Smartwatch,22995,//img1a.flixcart.com/www/linchpin/fk-cp-zion/img/placeholder_9951d0.svg
1513,Fossil,Fossil 4th Gen Venture HR Smartwatch,17596,//img1a.flixcart.com/www/linchpin/fk-cp-zion/img/placeholder_9951d0.svg
1514,Fossil,Fossil Gen 5 Garrett HR Smartwatch,22995,//img1a.flixcart.com/www/linchpin/fk-cp-zion/img/placeholder_9951d0.svg
1515,Fossil,Fossil Commuter Smartwatch,11995,//img1a.flixcart.com/www/linchpin/fk-cp-zion/img/placeholder_9951d0.svg
1516,Fossil,Fossil Sport 41 Smartwatch,11995,//img1a.flixcart.com/www/linchpin/fk-cp-zion/img/placeholder_9951d0.svg
1517,Fossil,Fossil Q Motion,1999,//img1a.flixcart.com/www/linchpin/fk-cp-zion/img/placeholder_9951d0.svg
1518,Fossil,Fossil FTW6007 Smart Watch Smartwatch,19995,//img1a.flixcart.com/www/linchpin/fk-cp-zion/img/placeholder_9951d0.svg
1519,Fossil,Fossil Gen 5 Garrett HR Smartwatch,22995,//img1a.flixcart.com/www/linchpin/fk-cp-zion/img/placeholder_9951d0.svg
1520,Fossil,Fossil Sport 41 Smartwatch,11995,//img1a.flixcart.com/www/linchpin/fk-cp-zion/img/placeholder_9951d0.svg
1521,Fossil,Fossil 4th Gen Venture HR Smartwatch,17596,//img1a.flixcart.com/www/linchpin/fk-cp-zion/img/placeholder_9951d0.svg
1522,Fossil,Fossil 4th Gen Venture HR Smartwatch,17596,//img1a.flixcart.com/www/linchpin/fk-cp-zion/img/placeholder_9951d0.svg
1523,Fossil,Fossil Carlie Smartwatch,11995,//img1a.flixcart.com/www/linchpin/fk-cp-zion/img/placeholder_9951d0.svg
1524,Fossil,Fossil 4th Gen Explorist HR Smartwatch,21995,//img1a.flixcart.com/www/linchpin/fk-cp-zion/img/placeholder_9951d0.svg
1525,Fossil,Fossil Sport Smartwatch Smartwatch,11995,//img1a.flixcart.com/www/linchpin/fk-cp-zion/img/placeholder_9951d0.svg
1526,Fossil,Fossil Sport Smartwatch Smartwatch,11995,//img1a.flixcart.com/www/linchpin/fk-cp-zion/img/placeholder_9951d0.svg
1527,Fossil,Fossil Q Jacqueline Smartwatch,13495,//img1a.flixcart.com/www/linchpin/fk-cp-zion/img/placeholder_9951d0.svg
1528,Fossil,Fossil Q Venture Smartwatch,21995,//img1a.flixcart.com/www/linchpin/fk-cp-zion/img/placeholder_9951d0.svg
1529,Fossil,Fossil FB-01 Hybrid Smartwatch,13495,//img1a.flixcart.com/www/linchpin/fk-cp-zion/img/placeholder_9951d0.svg
1530,Fossil,Fossil Sport Smartwatch Smartwatch,11995,//img1a.flixcart.com/www/linchpin/fk-cp-zion/img/placeholder_9951d0.svg
1531,Fossil,Fossil FB-01 Hybrid Smartwatch,13495,//img1a.flixcart.com/www/linchpin/fk-cp-zion/img/placeholder_9951d0.svg
1532,Fossil,Fossil Jacqueline Hybrid Smartwatch Smartwatch,13495,//img1a.flixcart.com/www/linchpin/fk-cp-zion/img/placeholder_9951d0.svg
1533,Fossil,Fossil FTW5018 Hybrid Watch Smartwatch,14495,//img1a.flixcart.com/www/linchpin/fk-cp-zion/img/placeholder_9951d0.svg
1534,Fossil,Fossil Julianna HR Smartwatch,22995,//img1a.flixcart.com/www/linchpin/fk-cp-zion/img/placeholder_9951d0.svg
1535,Fossil,Fossil Sport Smartwatch Smartwatch,11995,//img1a.flixcart.com/www/linchpin/fk-cp-zion/img/placeholder_9951d0.svg
1536,Fossil,Fossil Sport 43 Smartwatch,11995,//img1a.flixcart.com/www/linchpin/fk-cp-zion/img/placeholder_9951d0.svg
1537,Fossil,Fossil Gen 5 Carlyle HR Smartwatch,22995,//img1a.flixcart.com/www/linchpin/fk-cp-zion/img/placeholder_9951d0.svg
1538,Fossil,Fossil Gen 5 Garrett HR Smartwatch,22995,//img1a.flixcart.com/www/linchpin/fk-cp-zion/img/placeholder_9951d0.svg
1539,Fossil,Fossil 4th Gen Venture HR Smartwatch,17596,//img1a.flixcart.com/www/linchpin/fk-cp-zion/img/placeholder_9951d0.svg
1540,Fossil,Fossil Q Motion,6995,//img1a.flixcart.com/www/linchpin/fk-cp-zion/img/placeholder_9951d0.svg
1541,Fossil,Fossil Gen 5 Carlyle HR Smartwatch,22995,//img1a.flixcart.com/www/linchpin/fk-cp-zion/img/placeholder_9951d0.svg
1542,Fossil,Fossil Q Motion,6995,//img1a.flixcart.com/www/linchpin/fk-cp-zion/img/placeholder_9951d0.svg
1543,Fossil,Fossil Julianna HR Smartwatch,22995,//img1a.flixcart.com/www/linchpin/fk-cp-zion/img/placeholder_9951d0.svg
1544,Fossil,Fossil 4th Gen Venture HR Smartwatch,17596,//img1a.flixcart.com/www/linchpin/fk-cp-zion/img/placeholder_9951d0.svg
1545,Fossil,Fossil Q Explorist Smartwatch,19995,//img1a.flixcart.com/www/linchpin/fk-cp-zion/img/placeholder_9951d0.svg
1546,Fossil,Fossil Gen 3 Q Explorist Smartwatch,19995,//img1a.flixcart.com/www/linchpin/fk-cp-zion/img/placeholder_9951d0.svg
1547,Fossil,Fossil Gen 5 Garrett HR Smartwatch,22995,//img1a.flixcart.com/www/linchpin/fk-cp-zion/img/placeholder_9951d0.svg
1548,Fossil,Fossil Q Wander Smartwatch,19995,//img1a.flixcart.com/www/linchpin/fk-cp-zion/img/placeholder_9951d0.svg
1549,Fossil,Fossil FTW1151 Hybrid Watch Smartwatch,8995,//img1a.flixcart.com/www/linchpin/fk-cp-zion/img/placeholder_9951d0.svg
1550,Fossil,Fossil Gen 3 Q Explorist Smartwatch,21995,//img1a.flixcart.com/www/linchpin/fk-cp-zion/img/placeholder_9951d0.svg
1551,Fossil,Fossil Gen 5 Julianna HR Smartwatch,22995,//img1a.flixcart.com/www/linchpin/fk-cp-zion/img/placeholder_9951d0.svg
1552,Fossil,Fossil Marshall Smartwatch,19995,//img1a.flixcart.com/www/linchpin/fk-cp-zion/img/placeholder_9951d0.svg
1553,Fossil,Fossil Wander RG Smartwatch,18995,//img1a.flixcart.com/www/linchpin/fk-cp-zion/img/placeholder_9951d0.svg
1554,Fossil,Fossil Cameron Hybrid Smartwatch Smartwatch,8995,//img1a.flixcart.com/www/linchpin/fk-cp-zion/img/placeholder_9951d0.svg
1555,Fossil,Fossil 4th Gen Explorist HR Smartwatch,18696,//img1a.flixcart.com/www/linchpin/fk-cp-zion/img/placeholder_9951d0.svg
1556,Fossil,Fossil Julianna HR Smartwatch,22995,//img1a.flixcart.com/www/linchpin/fk-cp-zion/img/placeholder_9951d0.svg
1557,Fossil,Fossil Sport 41 Smartwatch,11995,//img1a.flixcart.com/www/linchpin/fk-cp-zion/img/placeholder_9951d0.svg
1558,Fossil,Fossil Q Jacqueline Smartwatch,8995,//img1a.flixcart.com/www/linchpin/fk-cp-zion/img/placeholder_9951d0.svg
1559,Fossil,Fossil Gen 3 Q Explorist Smartwatch,21995,//img1a.flixcart.com/www/linchpin/fk-cp-zion/img/placeholder_9951d0.svg
1560,Fossil,Fossil Marshall Smartwatch,19995,//img1a.flixcart.com/www/linchpin/fk-cp-zion/img/placeholder_9951d0.svg
1561,Fossil,Fossil Sport 41 Smartwatch,11995,//img1a.flixcart.com/www/linchpin/fk-cp-zion/img/placeholder_9951d0.svg
1562,Fossil,Fossil Q Wander Smartwatch,11997,//img1a.flixcart.com/www/linchpin/fk-cp-zion/img/placeholder_9951d0.svg
1563,Fossil,Fossil Marshall Smartwatch,18995,//img1a.flixcart.com/www/linchpin/fk-cp-zion/img/placeholder_9951d0.svg
1564,Fossil,Fossil FTW4003 Smart Watch Smartwatch,19995,//img1a.flixcart.com/www/linchpin/fk-cp-zion/img/placeholder_9951d0.svg
1565,Fossil,Fossil Q Founder 2.0 Touchscreen Smartwatch,19995,//img1a.flixcart.com/www/linchpin/fk-cp-zion/img/placeholder_9951d0.svg
1566,Fossil,Fossil 4th Gen Explorist HR Smartwatch,18696,//img1a.flixcart.com/www/linchpin/fk-cp-zion/img/placeholder_9951d0.svg
1567,Fossil,Fossil Commuter Smartwatch,11995,//img1a.flixcart.com/www/linchpin/fk-cp-zion/img/placeholder_9951d0.svg
1568,Fossil,Fossil Marshall Smartwatch,18995,//img1a.flixcart.com/www/linchpin/fk-cp-zion/img/placeholder_9951d0.svg
1569,Fossil,Fossil Gen 3 Q Venture Smartwatch,19995,//img1a.flixcart.com/www/linchpin/fk-cp-zion/img/placeholder_9951d0.svg
1570,Fossil,Fossil FTW1142 Q Hybrid Watch Smartwatch,13995,//img1a.flixcart.com/www/linchpin/fk-cp-zion/img/placeholder_9951d0.svg
1571,Fossil,Fossil Sport 41 Smartwatch,11995,//img1a.flixcart.com/www/linchpin/fk-cp-zion/img/placeholder_9951d0.svg
1572,Fossil,Fossil 4th Gen Venture HR Smartwatch,21995,//img1a.flixcart.com/www/linchpin/fk-cp-zion/img/placeholder_9951d0.svg
1573,Fossil,Fossil FTW6001 Smart Watch Smartwatch,21995,//img1a.flixcart.com/www/linchpin/fk-cp-zion/img/placeholder_9951d0.svg
1574,Fossil,Fossil FTW1140 Q Hybrid Watch Smartwatch,13995,//img1a.flixcart.com/www/linchpin/fk-cp-zion/img/placeholder_9951d0.svg
1575,Fossil,Fossil Gen 3 Q Venture Smartwatch,15396,//img1a.flixcart.com/www/linchpin/fk-cp-zion/img/placeholder_9951d0.svg
1576,Fossil,Fossil FTW6005 Smart Watch Smartwatch,19995,//img1a.flixcart.com/www/linchpin/fk-cp-zion/img/placeholder_9951d0.svg
1577,Fossil,Fossil Machine Hybrid Smartwatch,11995,//img1a.flixcart.com/www/linchpin/fk-cp-zion/img/placeholder_9951d0.svg
1578,Fossil,Fossil Q Jacqueline Smartwatch,8995,//img1a.flixcart.com/www/linchpin/fk-cp-zion/img/placeholder_9951d0.svg
1579,Fossil,Fossil Neutra Hybrid Smartwatch,11995,//img1a.flixcart.com/www/linchpin/fk-cp-zion/img/placeholder_9951d0.svg
1580,Fossil,Fossil Cameron Hybrid Smartwatch Smartwatch,8995,//img1a.flixcart.com/www/linchpin/fk-cp-zion/img/placeholder_9951d0.svg
1581,Fossil,Fossil Gen 5 Carlyle HR Smartwatch,22995,//img1a.flixcart.com/www/linchpin/fk-cp-zion/img/placeholder_9951d0.svg
1582,Fossil,Fossil Jacqueline Smartwatch,13495,//img1a.flixcart.com/www/linchpin/fk-cp-zion/img/placeholder_9951d0.svg
1583,Fossil,Fossil Garrett Hybrid Smartwatch,11995,//img1a.flixcart.com/www/linchpin/fk-cp-zion/img/placeholder_9951d0.svg
1584,Fossil,Fossil FB-01 Hybrid HR Smartwatch,16495,//img1a.flixcart.com/www/linchpin/fk-cp-zion/img/placeholder_9951d0.svg
1585,Fossil,Fossil Sloan HR Smartwatch,24495,//img1a.flixcart.com/www/linchpin/fk-cp-zion/img/placeholder_9951d0.svg
1586,Fossil,Fossil 4th Gen Venture HR Smartwatch,17145,//img1a.flixcart.com/www/linchpin/fk-cp-zion/img/placeholder_9951d0.svg
1587,Fossil,Fossil Gen 5 Garrett HR Smartwatch,22995,//img1a.flixcart.com/www/linchpin/fk-cp-zion/img/placeholder_9951d0.svg
1588,Fossil,Fossil Carlie Hybrid Smartwatch,13495,//img1a.flixcart.com/www/linchpin/fk-cp-zion/img/placeholder_9951d0.svg
1589,Fossil,Fossil FTW6006 Gold Smart Watches Smartwatch,21995,//img1a.flixcart.com/www/linchpin/fk-cp-zion/img/placeholder_9951d0.svg
1590,Fossil,Fossil Jacqueline Hybrid Smartwatch,11995,//img1a.flixcart.com/www/linchpin/fk-cp-zion/img/placeholder_9951d0.svg
1591,Fossil,Fossil Gen 5 Julianna HR Smartwatch,22995,//img1a.flixcart.com/www/linchpin/fk-cp-zion/img/placeholder_9951d0.svg
1592,Fossil,Fossil Cameron Hybrid Smartwatch,8995,//img1a.flixcart.com/www/linchpin/fk-cp-zion/img/placeholder_9951d0.svg
1593,Fossil,Fossil Sport Smartwatch,11995,//img1a.flixcart.com/www/linchpin/fk-cp-zion/img/placeholder_9951d0.svg
1594,Fossil,Fossil Q Founder 2.0 Touchscreen Smartwatch,11397,//img1a.flixcart.com/www/linchpin/fk-cp-zion/img/placeholder_9951d0.svg
1595,Fossil,Fossil Sadie Hybrid Smartwatch,13495,//img1a.flixcart.com/www/linchpin/fk-cp-zion/img/placeholder_9951d0.svg
1596,Fossil,Fossil Sloan HR Smartwatch,21995,//img1a.flixcart.com/www/linchpin/fk-cp-zion/img/placeholder_9951d0.svg
1597,Fossil,Fossil Sport 41 Smartwatch,11995,//img1a.flixcart.com/www/linchpin/fk-cp-zion/img/placeholder_9951d0.svg
1598,Fossil,Fossil 4th Gen Venture HR Smartwatch,17596,//img1a.flixcart.com/www/linchpin/fk-cp-zion/img/placeholder_9951d0.svg
1599,Fossil,Fossil Sloan HR Smartwatch,21995,//img1a.flixcart.com/www/linchpin/fk-cp-zion/img/placeholder_9951d0.svg
1600,Fossil,Fossil FTW4010 Gold Smart Watches Smartwatch,15995,//img1a.flixcart.com/www/linchpin/fk-cp-zion/img/placeholder_9951d0.svg
1601,Fossil,Fossil Sport 41 Smartwatch,11995,//img1a.flixcart.com/www/linchpin/fk-cp-zion/img/placeholder_9951d0.svg
1602,Fossil,Fossil Sloan HR Smartwatch,21995,//img1a.flixcart.com/www/linchpin/fk-cp-zion/img/placeholder_9951d0.svg
1603,Fossil,Fossil Q Neely Smartwatch,12995,//img1a.flixcart.com/www/linchpin/fk-cp-zion/img/placeholder_9951d0.svg
1604,Fossil,Fossil Q Control Smartwatch,15995,//img1a.flixcart.com/www/linchpin/fk-cp-zion/img/placeholder_9951d0.svg
1605,Fossil,Fossil FTW6009 Black Smart Watches Smartwatch,13995,//img1a.flixcart.com/www/linchpin/fk-cp-zion/img/placeholder_9951d0.svg
1606,Fossil,Fossil Sloan HR Smartwatch,21995,//img1a.flixcart.com/www/linchpin/fk-cp-zion/img/placeholder_9951d0.svg
1607,Fossil,Fossil Commuter Smartwatch,11995,//img1a.flixcart.com/www/linchpin/fk-cp-zion/img/placeholder_9951d0.svg
1608,Fossil,Fossil Q Control Smartwatch,15995,//img1a.flixcart.com/www/linchpin/fk-cp-zion/img/placeholder_9951d0.svg
1609,Fossil,Fossil FB-01 Hybrid HR Smartwatch,16495,//img1a.flixcart.com/www/linchpin/fk-cp-zion/img/placeholder_9951d0.svg
1610,Fossil,Fossil Barstow Hybrid Smartwatch Smartwatch,8995,//img1a.flixcart.com/www/linchpin/fk-cp-zion/img/placeholder_9951d0.svg
1611,Fossil,Fossil Sport 41 Smartwatch,11995,//img1a.flixcart.com/www/linchpin/fk-cp-zion/img/placeholder_9951d0.svg
1612,Fossil,Fossil Sadie Hybrid Smartwatch,13495,//img1a.flixcart.com/www/linchpin/fk-cp-zion/img/placeholder_9951d0.svg
1613,Fossil,Fossil FTW6010 Pink Smart Watches Smartwatch,15995,//img1a.flixcart.com/www/linchpin/fk-cp-zion/img/placeholder_9951d0.svg
1614,Fossil,Fossil Q Annette Smartwatch,13495,//img1a.flixcart.com/www/linchpin/fk-cp-zion/img/placeholder_9951d0.svg
1615,Fossil,Fossil Neely Smartwatch,8995,//img1a.flixcart.com/www/linchpin/fk-cp-zion/img/placeholder_9951d0.svg
1616,Fossil,Fossil Q Venture Smartwatch,15995,//img1a.flixcart.com/www/linchpin/fk-cp-zion/img/placeholder_9951d0.svg
1617,Fossil,Fossil FTW20013 Q Watch Smartwatch,21495,//img1a.flixcart.com/www/linchpin/fk-cp-zion/img/placeholder_9951d0.svg
1618,Fossil,Fossil FTW5012 Hybrid Watch Smartwatch,12995,//img1a.flixcart.com/www/linchpin/fk-cp-zion/img/placeholder_9951d0.svg
1619,Fossil,Fossil Q Jacqueline Smartwatch,13495,//img1a.flixcart.com/www/linchpin/fk-cp-zion/img/placeholder_9951d0.svg
1620,Fossil,Fossil Sport Smartwatch Smartwatch,11995,//img1a.flixcart.com/www/linchpin/fk-cp-zion/img/placeholder_9951d0.svg
1621,Fossil,Fossil Gen 5 Carlyle HR Smartwatch,22995,//img1a.flixcart.com/www/linchpin/fk-cp-zion/img/placeholder_9951d0.svg
1622,Fossil,Fossil FTW1134 Q Hybrid Watch Smartwatch,11995,//img1a.flixcart.com/www/linchpin/fk-cp-zion/img/placeholder_9951d0.svg
1623,Fossil,Fossil FTW1145 Q Hybrid Watch Smartwatch,13995,//img1a.flixcart.com/www/linchpin/fk-cp-zion/img/placeholder_9951d0.svg
1624,Fossil,Fossil FTW5017 Hybrid Watch Smartwatch,14495,//img1a.flixcart.com/www/linchpin/fk-cp-zion/img/placeholder_9951d0.svg
1625,Fossil,Fossil FTW1159 Hybrid Watch Smartwatch,12995,//img1a.flixcart.com/www/linchpin/fk-cp-zion/img/placeholder_9951d0.svg
1626,Fossil,Fossil FTW5015 Hybrid Watch Smartwatch,14495,//img1a.flixcart.com/www/linchpin/fk-cp-zion/img/placeholder_9951d0.svg
1627,Fossil,Fossil Gen 5 Garrett HR Smartwatch,22995,//img1a.flixcart.com/www/linchpin/fk-cp-zion/img/placeholder_9951d0.svg
1628,Fossil,Fossil FTW1201 Q Hybrid Watch Smartwatch,11995,//img1a.flixcart.com/www/linchpin/fk-cp-zion/img/placeholder_9951d0.svg
1629,Fossil,Fossil FTW2113 Q Watch Smartwatch,18995,//img1a.flixcart.com/www/linchpin/fk-cp-zion/img/placeholder_9951d0.svg
1630,Fossil,Fossil Q ACTIVIST Smartwatch,6995,//img1a.flixcart.com/www/linchpin/fk-cp-zion/img/placeholder_9951d0.svg
1631,Fossil,Fossil Gen 5 Julianna HR Smartwatch,22995,//img1a.flixcart.com/www/linchpin/fk-cp-zion/img/placeholder_9951d0.svg
1632,Fossil,Fossil FTW1146 Q Hybrid Watch Smartwatch,11995,//img1a.flixcart.com/www/linchpin/fk-cp-zion/img/placeholder_9951d0.svg
1633,Fossil,Fossil Q GRANT Smartwatch,6995,//img1a.flixcart.com/www/linchpin/fk-cp-zion/img/placeholder_9951d0.svg
1634,Fossil,Fossil FB-01 Hybrid Smartwatch,11995,//img1a.flixcart.com/www/linchpin/fk-cp-zion/img/placeholder_9951d0.svg
1635,Fossil,Fossil FB-01 Hybrid Smartwatch,13495,//img1a.flixcart.com/www/linchpin/fk-cp-zion/img/placeholder_9951d0.svg
1636,Fossil,Fossil FTW2114 Q Watch Smartwatch,13296,//img1a.flixcart.com/www/linchpin/fk-cp-zion/img/placeholder_9951d0.svg
1637,Fossil,Fossil Sport 41 Smartwatch,11995,//img1a.flixcart.com/www/linchpin/fk-cp-zion/img/placeholder_9951d0.svg
1638,Fossil,Fossil FTW5011 Hybrid Watch Smartwatch,14495,//img1a.flixcart.com/www/linchpin/fk-cp-zion/img/placeholder_9951d0.svg
1639,Fossil,Fossil FB-01 Hybrid Smartwatch,11995,//img1a.flixcart.com/www/linchpin/fk-cp-zion/img/placeholder_9951d0.svg
1640,Fossil,Fossil FTW1144 Q Hybrid Watch Smartwatch,8995,//img1a.flixcart.com/www/linchpin/fk-cp-zion/img/placeholder_9951d0.svg
1641,Fossil,Fossil Sport 41 Smartwatch,11995,//img1a.flixcart.com/www/linchpin/fk-cp-zion/img/placeholder_9951d0.svg
1642,Fossil,Fossil FTW1154 Hybrid Watch Smartwatch,8995,//img1a.flixcart.com/www/linchpin/fk-cp-zion/img/placeholder_9951d0.svg
1643,Fossil,Fossil FB-01 Hybrid Smartwatch,13495,//img1a.flixcart.com/www/linchpin/fk-cp-zion/img/placeholder_9951d0.svg
1644,Fossil,Fossil FTW5003 Hybrid Watch Smartwatch,12995,//img1a.flixcart.com/www/linchpin/fk-cp-zion/img/placeholder_9951d0.svg
1645,Fossil,Fossil Q MACHINE Smartwatch,6995,//img1a.flixcart.com/www/linchpin/fk-cp-zion/img/placeholder_9951d0.svg
1646,Fossil,Fossil Cameron Hybrid Smartwatch,8995,//img1a.flixcart.com/www/linchpin/fk-cp-zion/img/placeholder_9951d0.svg
1647,Fossil,Fossil Commuter Smartwatch,11995,//img1a.flixcart.com/www/linchpin/fk-cp-zion/img/placeholder_9951d0.svg
1648,Fossil,Fossil Garrett Hybrid Smartwatch,8995,//img1a.flixcart.com/www/linchpin/fk-cp-zion/img/placeholder_9951d0.svg
1649,Fossil,Fossil Barstow Hybrid Smartwatch Smartwatch,8995,//img1a.flixcart.com/www/linchpin/fk-cp-zion/img/placeholder_9951d0.svg
1650,Fossil,Fossil Sport 41 Smartwatch,11995,//img1a.flixcart.com/www/linchpin/fk-cp-zion/img/placeholder_9951d0.svg
1651,Fossil,Fossil Sport 41 Smartwatch,11995,//img1a.flixcart.com/www/linchpin/fk-cp-zion/img/placeholder_9951d0.svg
1652,Fossil,Fossil Barstow Hybrid Smartwatch Smartwatch,8995,//img1a.flixcart.com/www/linchpin/fk-cp-zion/img/placeholder_9951d0.svg
1653,Fossil,Fossil Q Jacqueline Smartwatch,8995,//img1a.flixcart.com/www/linchpin/fk-cp-zion/img/placeholder_9951d0.svg
1654,Fossil,Fossil Garrett Hybrid Smartwatch,8995,//img1a.flixcart.com/www/linchpin/fk-cp-zion/img/placeholder_9951d0.svg
1655,Fossil,Fossil Cameron Hybrid Smartwatch Smartwatch,8995,//img1a.flixcart.com/www/linchpin/fk-cp-zion/img/placeholder_9951d0.svg
1656,Fossil,Fossil Cameron Hybrid Smartwatch Smartwatch,8995,//img1a.flixcart.com/www/linchpin/fk-cp-zion/img/placeholder_9951d0.svg
1657,Fossil,Fossil Gen 3 Q Explorist Smartwatch,9998,//img1a.flixcart.com/www/linchpin/fk-cp-zion/img/placeholder_9951d0.svg
1658,Samsung,Samsung Galaxy Fit e Smart Band,2490,//img1a.flixcart.com/www/linchpin/fk-cp-zion/img/placeholder_9951d0.svg
1659,Samsung,Samsung Galaxy Watch Active 2 Aluminium Smartwatch,25990,//img1a.flixcart.com/www/linchpin/fk-cp-zion/img/placeholder_9951d0.svg
1660,Samsung,Samsung Galaxy Fit e Smart Band,2490,//img1a.flixcart.com/www/linchpin/fk-cp-zion/img/placeholder_9951d0.svg
1661,Samsung,Samsung Galaxy Fit e Smart Band,2490,//img1a.flixcart.com/www/linchpin/fk-cp-zion/img/placeholder_9951d0.svg
1662,Samsung,Samsung Galaxy Watch Active 2 Steel Smartwatch,31990,//img1a.flixcart.com/www/linchpin/fk-cp-zion/img/placeholder_9951d0.svg
1663,Samsung,Samsung Galaxy Watch 46 mm LTE Smartwatch,30990,//img1a.flixcart.com/www/linchpin/fk-cp-zion/img/placeholder_9951d0.svg
1664,Samsung,Samsung Galaxy Watch Active 2 Steel Smartwatch,31990,//img1a.flixcart.com/www/linchpin/fk-cp-zion/img/placeholder_9951d0.svg
1665,Samsung,Samsung Galaxy Watch Active 2 Aluminium Smartwatch,25990,//img1a.flixcart.com/www/linchpin/fk-cp-zion/img/placeholder_9951d0.svg
1666,Samsung,Samsung Galaxy Watch 42 mm LTE Smartwatch,28490,//img1a.flixcart.com/www/linchpin/fk-cp-zion/img/placeholder_9951d0.svg
1667,Samsung,Samsung Galaxy Watch Active 2 Aluminium Smartwatch,25990,//img1a.flixcart.com/www/linchpin/fk-cp-zion/img/placeholder_9951d0.svg
1668,Samsung,Samsung Galaxy Watch 46 mm Smartwatch,29990,//img1a.flixcart.com/www/linchpin/fk-cp-zion/img/placeholder_9951d0.svg
1669,Samsung,Samsung Galaxy Watch Active Smartwatch,19990,//img1a.flixcart.com/www/linchpin/fk-cp-zion/img/placeholder_9951d0.svg
1670,Samsung,Samsung Galaxy Watch Active 2 Steel Smartwatch,31990,//img1a.flixcart.com/www/linchpin/fk-cp-zion/img/placeholder_9951d0.svg
1671,Samsung,Samsung Galaxy Watch Active Smartwatch,19990,//img1a.flixcart.com/www/linchpin/fk-cp-zion/img/placeholder_9951d0.svg
1672,Samsung,Samsung Galaxy Watch 42 mm LTE Smartwatch,28490,//img1a.flixcart.com/www/linchpin/fk-cp-zion/img/placeholder_9951d0.svg
1673,Samsung,Samsung Galaxy Watch 42 mm Smartwatch,26990,//img1a.flixcart.com/www/linchpin/fk-cp-zion/img/placeholder_9951d0.svg
1674,Samsung,Samsung Gear VR Virtual Reality Headset,5400,//img1a.flixcart.com/www/linchpin/fk-cp-zion/img/placeholder_9951d0.svg
1675,Samsung,Samsung Bluetooth Hat,397,//img1a.flixcart.com/www/linchpin/fk-cp-zion/img/placeholder_9951d0.svg
1677,Samsung,Samsung Galaxy Watch 42 mm Smartwatch,29990,//img1a.flixcart.com/www/linchpin/fk-cp-zion/img/placeholder_9951d0.svg
1678,Samsung,Samsung Gear Sport Smartwatch,21900,//img1a.flixcart.com/www/linchpin/fk-cp-zion/img/placeholder_9951d0.svg
1679,Samsung,Samsung Galaxy Fit Smart Band,8990,//img1a.flixcart.com/www/linchpin/fk-cp-zion/img/placeholder_9951d0.svg
1680,Samsung,Samsung Gear S3 - Frontier Smartwatch,22990,//img1a.flixcart.com/www/linchpin/fk-cp-zion/img/placeholder_9951d0.svg
1681,Samsung,Samsung Gear Fit 2 Pro Smartband,8999,//img1a.flixcart.com/www/linchpin/fk-cp-zion/img/placeholder_9951d0.svg
1682,Samsung,Samsung Gear Fit 2 Pro Smartband,8999,//img1a.flixcart.com/www/linchpin/fk-cp-zion/img/placeholder_9951d0.svg
1683,Samsung,Samsung Gear Fit Smartwatch,7999,//img1a.flixcart.com/www/linchpin/fk-cp-zion/img/placeholder_9951d0.svg
1684,Samsung,Samsung Gear S2 Classic Smartwatch,25800,//img1a.flixcart.com/www/linchpin/fk-cp-zion/img/placeholder_9951d0.svg
1685,Samsung,Samsung Galaxy Watch Active Smartwatch,19990,//img1a.flixcart.com/www/linchpin/fk-cp-zion/img/placeholder_9951d0.svg
1686,Samsung,Samsung Gear Fit 2 Smartwatch,15000,//img1a.flixcart.com/www/linchpin/fk-cp-zion/img/placeholder_9951d0.svg
1687,Samsung,Samsung Galaxy Fit Smart Band,8990,//img1a.flixcart.com/www/linchpin/fk-cp-zion/img/placeholder_9951d0.svg
1688,Samsung,Samsung Gear S2 Smartwatch,24300,//img1a.flixcart.com/www/linchpin/fk-cp-zion/img/placeholder_9951d0.svg
1689,Samsung,Samsung Gear IconX Black Smart Headphones,13490,//img1a.flixcart.com/www/linchpin/fk-cp-zion/img/placeholder_9951d0.svg
1690,Samsung,Samsung Gear Live Smartwatch,15900,//img1a.flixcart.com/www/linchpin/fk-cp-zion/img/placeholder_9951d0.svg
1691,Samsung,Samsung Gear Fit 2 Smartwatch,15000,//img1a.flixcart.com/www/linchpin/fk-cp-zion/img/placeholder_9951d0.svg
1692,Samsung,Samsung Gear 2 Neo Smartwatch,15500,//img1a.flixcart.com/www/linchpin/fk-cp-zion/img/placeholder_9951d0.svg
1693,Samsung,Samsung Gear IconX Blue Smart Headphones,13490,//img1a.flixcart.com/www/linchpin/fk-cp-zion/img/placeholder_9951d0.svg
1694,Samsung,Samsung Gear 2 Smartwatch,19999,//img1a.flixcart.com/www/linchpin/fk-cp-zion/img/placeholder_9951d0.svg
1695,Samsung,Samsung Gear Fit 2 Smartwatch,15000,//img1a.flixcart.com/www/linchpin/fk-cp-zion/img/placeholder_9951d0.svg
1696,Samsung,Samsung Gear VR,8200,//img1a.flixcart.com/www/linchpin/fk-cp-zion/img/placeholder_9951d0.svg
1697,Samsung,Samsung Galaxy Watch Active Smartwatch,19990,//img1a.flixcart.com/www/linchpin/fk-cp-zion/img/placeholder_9951d0.svg
1699,Samsung,Samsung Gear S2 Smartwatch,20000,//img1a.flixcart.com/www/linchpin/fk-cp-zion/img/placeholder_9951d0.svg
1701,Samsung,Samsung Watch Active Smartwatch,17990,//img1a.flixcart.com/www/linchpin/fk-cp-zion/img/placeholder_9951d0.svg
1702,Samsung,Samsung Gear VR with Controller,9900,//img1a.flixcart.com/www/linchpin/fk-cp-zion/img/placeholder_9951d0.svg
1703,Samsung,Samsung Gear VR with controller,19999,//img1a.flixcart.com/www/linchpin/fk-cp-zion/img/placeholder_9951d0.svg
1704,Samsung,Samsung Most Android Phones - Classic Smartwatch,49999,//img1a.flixcart.com/www/linchpin/fk-cp-zion/img/placeholder_9951d0.svg
1705,Samsung,"Samsung SM-R7320 Smart Watch, Black Smartwatch",19990,//img1a.flixcart.com/www/linchpin/fk-cp-zion/img/placeholder_9951d0.svg
1706,Samsung,Samsung R600NZBAXAR Smartwatch,21390,//img1a.flixcart.com/www/linchpin/fk-cp-zion/img/placeholder_9951d0.svg
1707,Samsung,Samsung Gear S2 Smartwatch,22200,//img1a.flixcart.com/www/linchpin/fk-cp-zion/img/placeholder_9951d0.svg
1708,Samsung,Samsung Watch Active Smartwatch,18990,//img1a.flixcart.com/www/linchpin/fk-cp-zion/img/placeholder_9951d0.svg
1709,Samsung,Samsung Gear S2 Smartwatch Smartwatch,24300,//img1a.flixcart.com/www/linchpin/fk-cp-zion/img/placeholder_9951d0.svg
1710,Samsung,Samsung Gear 2 Neo Smartwatch,15500,//img1a.flixcart.com/www/linchpin/fk-cp-zion/img/placeholder_9951d0.svg
1711,Samsung,Samsung Gear VR Powered,9999,//img1a.flixcart.com/www/linchpin/fk-cp-zion/img/placeholder_9951d0.svg
1712,Samsung,Samsung Gear S2 Classic Smartwatch,19999,//img1a.flixcart.com/www/linchpin/fk-cp-zion/img/placeholder_9951d0.svg
1714,Samsung,Samsung SMGBT Smart Headphones,666,//img1a.flixcart.com/www/linchpin/fk-cp-zion/img/placeholder_9951d0.svg
1715,Samsung,Samsung Gear S2 Classic Smartwatch,17699,//img1a.flixcart.com/www/linchpin/fk-cp-zion/img/placeholder_9951d0.svg
1716,Samsung,Samsung Gear 360 SM-R210NZWAINU VR Camera,14999,//img1a.flixcart.com/www/linchpin/fk-cp-zion/img/placeholder_9951d0.svg
1717,Samsung,Samsung Galaxy Gear Smartwatch,50408,//img1a.flixcart.com/www/linchpin/fk-cp-zion/img/placeholder_9951d0.svg
1718,Samsung,Samsung Activity Tracker Smartwatch,13201,//img1a.flixcart.com/www/linchpin/fk-cp-zion/img/placeholder_9951d0.svg
1720,Samsung,Samsung Gear S2 R730V Smartwatch,18532,//img1a.flixcart.com/www/linchpin/fk-cp-zion/img/placeholder_9951d0.svg
1721,Huawei,Huawei Band 4,1999,//img1a.flixcart.com/www/linchpin/fk-cp-zion/img/placeholder_9951d0.svg
1722,Huawei,Huawei Watch GT 2 (46 mm) Smartwatch,21990,//img1a.flixcart.com/www/linchpin/fk-cp-zion/img/placeholder_9951d0.svg
1723,Huawei,Huawei Band 2,1699,//img1a.flixcart.com/www/linchpin/fk-cp-zion/img/placeholder_9951d0.svg
1724,Huawei,Huawei Band 2 Pro Activity Tracker,2199,//img1a.flixcart.com/www/linchpin/fk-cp-zion/img/placeholder_9951d0.svg
1725,Huawei,Huawei Watch GT 2 (46 mm) Smartwatch,15990,//img1a.flixcart.com/www/linchpin/fk-cp-zion/img/placeholder_9951d0.svg
1726,Huawei,Huawei Watch GT 2 (46 mm) Smartwatch,21990,//img1a.flixcart.com/www/linchpin/fk-cp-zion/img/placeholder_9951d0.svg
1727,Huawei,Huawei Watch GT Sport Smartwatch,10990,//img1a.flixcart.com/www/linchpin/fk-cp-zion/img/placeholder_9951d0.svg
1728,Huawei,Huawei Watch GT Classic Smartwatch,12990,//img1a.flixcart.com/www/linchpin/fk-cp-zion/img/placeholder_9951d0.svg
1729,Huawei,Huawei Watch GT Active Smartwatch,10990,//img1a.flixcart.com/www/linchpin/fk-cp-zion/img/placeholder_9951d0.svg
1730,Huawei,Huawei Watch GT 2 (42 mm) Smartwatch,14990,//img1a.flixcart.com/www/linchpin/fk-cp-zion/img/placeholder_9951d0.svg
1731,Huawei,Huawei Watch 2 Sport with 4G Smartwatch,29999,//img1a.flixcart.com/www/linchpin/fk-cp-zion/img/placeholder_9951d0.svg
1732,Huawei,Huawei Band 2,4599,//img1a.flixcart.com/www/linchpin/fk-cp-zion/img/placeholder_9951d0.svg
1733,Huawei,Huawei Band 2,4599,//img1a.flixcart.com/www/linchpin/fk-cp-zion/img/placeholder_9951d0.svg
1734,Huawei,Huawei Stainless Steel Link Strap Smartwatch,22999,//img1a.flixcart.com/www/linchpin/fk-cp-zion/img/placeholder_9951d0.svg
1735,Huawei,Huawei Stainless Steel with Leather Strap Smartwatch,19999,//img1a.flixcart.com/www/linchpin/fk-cp-zion/img/placeholder_9951d0.svg
1736,Huawei,Huawei Watch GT Active Smartwatch,15990,//img1a.flixcart.com/www/linchpin/fk-cp-zion/img/placeholder_9951d0.svg
1737,Huawei,Huawei Watch 2 Leather Smartwatch,25999,//img1a.flixcart.com/www/linchpin/fk-cp-zion/img/placeholder_9951d0.svg
1738,Huawei,Huawei Fit Smartwatch,9999,//img1a.flixcart.com/www/linchpin/fk-cp-zion/img/placeholder_9951d0.svg
1739,Huawei,Huawei Fit Smartwatch,9999,//img1a.flixcart.com/www/linchpin/fk-cp-zion/img/placeholder_9951d0.svg
1740,Huawei,Huawei Band 2 with GPS,4980,//img1a.flixcart.com/www/linchpin/fk-cp-zion/img/placeholder_9951d0.svg
1741,Huawei,Huawei Fit Smartwatch,6999,//img1a.flixcart.com/www/linchpin/fk-cp-zion/img/placeholder_9951d0.svg
1742,Huawei,Huawei Band 2 with GPS,6999,//img1a.flixcart.com/www/linchpin/fk-cp-zion/img/placeholder_9951d0.svg
1743,Huawei,Huawei Band 3 Smart Band Strap,850,//img1a.flixcart.com/www/linchpin/fk-cp-zion/img/placeholder_9951d0.svg
1744,Huawei,"Huawei , Running Edition (Imported)",2990,//img1a.flixcart.com/www/linchpin/fk-cp-zion/img/placeholder_9951d0.svg
1745,Huawei,"Huawei 4, Running Edition (Imported)",2990,//img1a.flixcart.com/www/linchpin/fk-cp-zion/img/placeholder_9951d0.svg
1746,Huawei,Huawei Honor Band A2,2450,//img1a.flixcart.com/www/linchpin/fk-cp-zion/img/placeholder_9951d0.svg
1747,Huawei,Huawei Band 3 Pro Smart Band Smartwatch,5999,//img1a.flixcart.com/www/linchpin/fk-cp-zion/img/placeholder_9951d0.svg
1748,Huawei,Huawei GT Fortuna-B19S Sport Smartwatch,13990,//img1a.flixcart.com/www/linchpin/fk-cp-zion/img/placeholder_9951d0.svg
1749,Huawei,Huawei 36456 Smartwatch,49999,//img1a.flixcart.com/www/linchpin/fk-cp-zion/img/placeholder_9951d0.svg
1750,Huawei,Huawei 32564546 Smartwatch,49999,//img1a.flixcart.com/www/linchpin/fk-cp-zion/img/placeholder_9951d0.svg
1751,Huawei,Huawei CRS-B19 (IMPORTED) Fitness Smart Band,4069,//img1a.flixcart.com/www/linchpin/fk-cp-zion/img/placeholder_9951d0.svg
1752,Huawei,Huawei Watch GT (Silver) Smartwatch,34990,//img1a.flixcart.com/www/linchpin/fk-cp-zion/img/placeholder_9951d0.svg
1753,Huawei,Huawei Watch GT (Black) Smartwatch,21990,//img1a.flixcart.com/www/linchpin/fk-cp-zion/img/placeholder_9951d0.svg
1754,Huami,Huami Amazfit Bip Lite Smartwatch,3499,//img1a.flixcart.com/www/linchpin/fk-cp-zion/img/placeholder_9951d0.svg
1755,Huami,Huami Amazfit Bip Lite Smartwatch,3499,//img1a.flixcart.com/www/linchpin/fk-cp-zion/img/placeholder_9951d0.svg
1756,Huami,Huami Amazfit Bip Smartwatch,4999,//img1a.flixcart.com/www/linchpin/fk-cp-zion/img/placeholder_9951d0.svg
1757,Huami,Huami Amazfit GTS Smartwatch,9999,//img1a.flixcart.com/www/linchpin/fk-cp-zion/img/placeholder_9951d0.svg
1758,Huami,Huami Amazfit GTS Smartwatch,9999,//img1a.flixcart.com/www/linchpin/fk-cp-zion/img/placeholder_9951d0.svg
1759,Huami,Huami Amazfit GTS Smartwatch,9999,//img1a.flixcart.com/www/linchpin/fk-cp-zion/img/placeholder_9951d0.svg
1760,Huami,Huami Amazfit GTS Smartwatch,9999,//img1a.flixcart.com/www/linchpin/fk-cp-zion/img/placeholder_9951d0.svg
1761,Huami,Huami Amazfit Bip Smartwatch,5999,//img1a.flixcart.com/www/linchpin/fk-cp-zion/img/placeholder_9951d0.svg
1762,Huami,Huami Amazfit GTS Smartwatch,9999,//img1a.flixcart.com/www/linchpin/fk-cp-zion/img/placeholder_9951d0.svg
1763,Huami,Huami Amazfit GTR 47 mm Smartwatch,10999,//img1a.flixcart.com/www/linchpin/fk-cp-zion/img/placeholder_9951d0.svg
1764,Huami,Huami Amazfit GTR 47 mm Smartwatch,10999,//img1a.flixcart.com/www/linchpin/fk-cp-zion/img/placeholder_9951d0.svg
1765,Huami,Huami Amazfit Verge Lite Smartwatch,6999,//img1a.flixcart.com/www/linchpin/fk-cp-zion/img/placeholder_9951d0.svg
1766,Huami,Huami Amazfit Verge Lite Smartwatch,6999,//img1a.flixcart.com/www/linchpin/fk-cp-zion/img/placeholder_9951d0.svg
1767,Huami,Huami Amazfit GTR 42 mm Smartwatch,9999,//img1a.flixcart.com/www/linchpin/fk-cp-zion/img/placeholder_9951d0.svg
1768,Huami,Huami Amazfit GTR 42 mm Smartwatch,9999,//img1a.flixcart.com/www/linchpin/fk-cp-zion/img/placeholder_9951d0.svg
1769,Huami,Huami Amazfit GTR 42 mm Smartwatch,9999,//img1a.flixcart.com/www/linchpin/fk-cp-zion/img/placeholder_9951d0.svg
1770,Huami,Huami Amazfit Band 2,3999,//img1a.flixcart.com/www/linchpin/fk-cp-zion/img/placeholder_9951d0.svg
1771,Huami,Huami Amazfit GTR 42 mm Smartwatch,9999,//img1a.flixcart.com/www/linchpin/fk-cp-zion/img/placeholder_9951d0.svg
1772,Huami,Huami Amazfit Stratos Smartwatch,12999,//img1a.flixcart.com/www/linchpin/fk-cp-zion/img/placeholder_9951d0.svg
1773,Huami,Huami Amazfit Verge Smartwatch,11999,//img1a.flixcart.com/www/linchpin/fk-cp-zion/img/placeholder_9951d0.svg
1774,Huami,Huami Amazfit Pace Smartwatch,9999,//img1a.flixcart.com/www/linchpin/fk-cp-zion/img/placeholder_9951d0.svg
1775,Huami,Huami Amazfit GTR 42 mm Glitter Edition Smartwatch,12999,//img1a.flixcart.com/www/linchpin/fk-cp-zion/img/placeholder_9951d0.svg
1776,Huami,Huami Amazfit GTR 47 mm Smartwatch,14999,//img1a.flixcart.com/www/linchpin/fk-cp-zion/img/placeholder_9951d0.svg
1777,Huami,Huami Amazfit Pace Smartwatch,9999,//img1a.flixcart.com/www/linchpin/fk-cp-zion/img/placeholder_9951d0.svg
1778,Huami,Huami Amazfit Bip Lite Smartwatch,3499,//img1a.flixcart.com/www/linchpin/fk-cp-zion/img/placeholder_9951d0.svg
1779,Huami,Huami Amazfit GTS Smartwatch,9999,//img1a.flixcart.com/www/linchpin/fk-cp-zion/img/placeholder_9951d0.svg
1780,Huami,Huami Amazfit Bip Smartwatch,4999,//img1a.flixcart.com/www/linchpin/fk-cp-zion/img/placeholder_9951d0.svg
1781,Huami,Huami Amazfit Bip Smartwatch,4999,//img1a.flixcart.com/www/linchpin/fk-cp-zion/img/placeholder_9951d0.svg
1782,Huami,Huami Amazfit Verge Smartwatch,12999,//img1a.flixcart.com/www/linchpin/fk-cp-zion/img/placeholder_9951d0.svg
1783,Huami,Huami Amazfit Verge Smartwatch,11999,//img1a.flixcart.com/www/linchpin/fk-cp-zion/img/placeholder_9951d0.svg
1784,Huami,Huami Bip Lite On Smartwatch (Black Strap) Smartwatch,7999,//img1a.flixcart.com/www/linchpin/fk-cp-zion/img/placeholder_9951d0.svg
1785,Huami,Huami A 1608 phone Smartwatch,8999,//img1a.flixcart.com/www/linchpin/fk-cp-zion/img/placeholder_9951d0.svg
1786,Huami,Huami Amazfit Bip Smartwatch,7999,//img1a.flixcart.com/www/linchpin/fk-cp-zion/img/placeholder_9951d0.svg
